No.,Pos.,Nation,Player,Club,Division
2,DF,FRA,Bradley Locko,Brest,Ligue 1
3,DF,FRA,Lilian Brassier,Brest,Ligue 1
5,DF,FRA,Brendan Chardonnet (captain),Brest,Ligue 1
7,FW,URU,Martín Satriano,Brest,Ligue 1
8,MF,FRA,Hugo Magnetti,Brest,Ligue 1
9,FW,BEN,Steve Mounié,Brest,Ligue 1
10,FW,FRA,Romain Del Castillo,Brest,Ligue 1
11,FW,FRA,Axel Camblan,Brest,Ligue 1
12,DF,CIV,Luck Zogbé,Brest,Ligue 1
14,FW,FRA,Adrien Lebeau,Brest,Ligue 1
16,GK,FRA,Yan Marillat,Brest,Ligue 1
18,DF,FRA,Antonin Cartillier,Brest,Ligue 1
19,DF,FRA,Jordan Amavi,Brest,Ligue 1
20,MF,FRA,Pierre Lees-Melou (vice-captain),Brest,Ligue 1
21,FW,ALG,Billal Brahimi,Brest,Ligue 1
22,FW,FRA,Jérémy Le Douaron,Brest,Ligue 1
23,MF,MLI,Kamory Doumbia,Brest,Ligue 1
25,DF,FRA,Julien Le Cardinal,Brest,Ligue 1
26,MF,POR,Mathias Pereira Lage,Brest,Ligue 1
27,DF,FRA,Kenny Lala,Brest,Ligue 1
28,MF,FRA,Jonas Martin,Brest,Ligue 1
30,GK,FRA,Grégoire Coudert,Brest,Ligue 1
40,GK,NED,Marco Bizot,Brest,Ligue 1
45,MF,FRA,Mahdi Camara,Brest,Ligue 1
1,GK,SEN,Massamba Ndiaye,Clermont,Ligue 1
2,DF,ALG,Mehdi Zeffane,Clermont,Ligue 1
3,DF,BRA,Neto Borges,Clermont,Ligue 1
4,DF,FRA,Chrislain Matsima,Clermont,Ligue 1
5,DF,BEL,Maximiliano Caufriez,Clermont,Ligue 1
6,MF,MLI,Habib Keïta,Clermont,Ligue 1
7,MF,FRA,Yohann Magnin,Clermont,Ligue 1
8,FW,FRA,Bilal Boutobba,Clermont,Ligue 1
9,FW,SRB,Komnen Andrić,Clermont,Ligue 1
10,MF,AUT,Muhammed Cham,Clermont,Ligue 1
11,FW,GAB,Jim Allevinah,Clermont,Ligue 1
12,MF,FRA,Maxime Gonalons (vice-captain),Clermont,Ligue 1
15,DF,MLI,Cheick Oumar Konaté,Clermont,Ligue 1
16,GK,FRA,Théo Borne,Clermont,Ligue 1
17,DF,FRA,Andy Pelmard,Clermont,Ligue 1
18,FW,KOS,Elbasan Rashani,Clermont,Ligue 1
21,DF,FRA,Florent Ogier (captain),Clermont,Ligue 1
22,DF,FRA,Yoël Armougom,Clermont,Ligue 1
23,FW,JAM,Shamar Nicholson,Clermont,Ligue 1
25,MF,FRA,Johan Gastien (3rd captain),Clermont,Ligue 1
26,FW,FRA,Alan Virginius,Clermont,Ligue 1
91,FW,ANG,Jérémie Bela,Clermont,Ligue 1
95,FW,FRA,Grejohn Kyei,Clermont,Ligue 1
97,DF,FRA,Jérémy Jacquet,Clermont,Ligue 1
99,GK,SEN,Mory Diaw,Clermont,Ligue 1
1,GK,FRA,Mathieu Gorgelin,Le Havre,Ligue 1
4,DF,FRA,Gautier Lloris,Le Havre,Ligue 1
5,MF,MAR,Oussama Targhalline,Le Havre,Ligue 1
6,DF,FRA,Étienne Youte Kinkoue,Le Havre,Ligue 1
7,DF,HUN,Loïc Négo,Le Havre,Ligue 1
8,MF,MAR,Yassine Kechta,Le Havre,Ligue 1
9,FW,GUI,Mohamed Bayo,Le Havre,Ligue 1
11,FW,USA,Emmanuel Sabbi,Le Havre,Ligue 1
13,FW,FRA,Steve Ngoura,Le Havre,Ligue 1
14,MF,RUS,Daler Kuzyayev,Le Havre,Ligue 1
17,DF,MAR,Oualid El Hajjam,Le Havre,Ligue 1
19,MF,SEN,Rassoul Ndiaye,Le Havre,Ligue 1
20,FW,FRA,Élysée Logbo,Le Havre,Ligue 1
21,FW,FRA,Antoine Joujou,Le Havre,Ligue 1
22,DF,GUF,Yoann Salmier,Le Havre,Ligue 1
23,FW,GLP,Josué Casimir,Le Havre,Ligue 1
24,DF,FRA,Cheick Doumbia,Le Havre,Ligue 1
25,MF,FRA,Alois Confais,Le Havre,Ligue 1
26,MF,CMR,Simon Ebonog,Le Havre,Ligue 1
27,DF,CIV,Christopher Opéri (vice-captain),Le Havre,Ligue 1
28,MF,GHA,André Ayew,Le Havre,Ligue 1
29,FW,FRA,Samuel Grandsir,Le Havre,Ligue 1
30,GK,FRA,Arthur Desmas,Le Havre,Ligue 1
93,DF,SEN,Arouna Sangante (captain),Le Havre,Ligue 1
94,MF,GUI,Abdoulaye Touré (3rd captain),Le Havre,Ligue 1
2,DF,FRA,Ruben Aguilar,Lens,Ligue 1
3,DF,COL,Deiver Machado,Lens,Ligue 1
4,DF,AUT,Kevin Danso,Lens,Ligue 1
6,MF,GHA,Salis Abdul Samed,Lens,Ligue 1
7,FW,FRA,Florian Sotoca,Lens,Ligue 1
9,FW,FRA,Elye Wahi,Lens,Ligue 1
10,MF,POR,David Costa,Lens,Ligue 1
11,MF,FRA,Angelo Fulgini,Lens,Ligue 1
13,DF,ECU,Jhoanner Chávez,Lens,Ligue 1
14,DF,ARG,Facundo Medina,Lens,Ligue 1
16,GK,FRA,Jean-Louis Leca,Lens,Ligue 1
18,MF,FRA,Andy Diouf,Lens,Ligue 1
19,MF,FRA,Jimmy Cabot,Lens,Ligue 1
21,DF,MLI,Massadio Haïdara,Lens,Ligue 1
22,FW,FRA,Wesley Saïd,Lens,Ligue 1
23,MF,MAR,Neil El Aynaoui,Lens,Ligue 1
24,DF,FRA,Jonathan Gradit,Lens,Ligue 1
25,DF,UZB,Abdukodir Khusanov,Lens,Ligue 1
26,MF,SEN,Nampalys Mendy,Lens,Ligue 1
27,FW,GUI,Morgan Guilavogui,Lens,Ligue 1
28,MF,FRA,Adrien Thomasson,Lens,Ligue 1
29,MF,POL,Przemysław Frankowski,Lens,Ligue 1
30,GK,FRA,Brice Samba (captain),Lens,Ligue 1
36,FW,FRA,Ibrahima Baldé,Lens,Ligue 1
40,GK,COM,Yannick Pandor,Lens,Ligue 1
5,MF,NED,Stijn Spierings,Lens,Ligue 1
15,FW,COL,Óscar Cortés,Lens,Ligue 1
—,DF,FRA,Julien Le Cardinal,Lens,Ligue 1
—,MF,GLP,Rémy Labeau,Lens,Ligue 1
—,MF,POL,Łukasz Poręba,Lens,Ligue 1
—,MF,MLI,Mamadou Camara,Lens,Ligue 1
—,FW,POL,Adam Buksa,Lens,Ligue 1
1,GK,ITA,Vito Mannone,Lille,Ligue 1
4,DF,BRA,Alexsandro,Lille,Ligue 1
5,DF,SWE,Gabriel Gudmundsson,Lille,Ligue 1
6,MF,ALG,Nabil Bentaleb,Lille,Ligue 1
7,MF,ISL,Hákon Arnar Haraldsson,Lille,Ligue 1
8,MF,ENG,Angel Gomes,Lille,Ligue 1
9,FW,CAN,Jonathan David,Lille,Ligue 1
10,MF,FRA,Rémy Cabella,Lille,Ligue 1
11,FW,ALG,Adam Ounas,Lille,Ligue 1
12,MF,TUR,Yusuf Yazıcı,Lille,Ligue 1
14,DF,FRA,Samuel Umtiti,Lille,Ligue 1
15,DF,FRA,Leny Yoro,Lille,Ligue 1
16,GK,SVK,Adam Jakubech,Lille,Ligue 1
17,FW,POR,Ivan Cavaleiro,Lille,Ligue 1
18,DF,FRA,Bafodé Diakité,Lille,Ligue 1
19,FW,POR,Tiago Morais,Lille,Ligue 1
20,MF,ARG,Ignacio Miramón,Lille,Ligue 1
21,MF,FRA,Benjamin André (captain),Lille,Ligue 1
22,DF,POR,Tiago Santos,Lille,Ligue 1
23,MF,KOS,Edon Zhegrova,Lille,Ligue 1
24,FW,SRB,Andrej Ilić,Lille,Ligue 1
28,DF,POR,Rafael Fernandes,Lille,Ligue 1
30,GK,FRA,Lucas Chevalier,Lille,Ligue 1
31,DF,BRA,Ismaily,Lille,Ligue 1
—,DF,ALG,Akim Zedadka,Lille,Ligue 1
—,MF,FRA,Ugo Raghouber,Lille,Ligue 1
—,FW,GUI,Mohamed Bayo,Lille,Ligue 1
—,FW,FRA,Amine Messoussa,Lille,Ligue 1
—,FW,FRA,Alan Virginius,Lille,Ligue 1
1,GK,SEN,Alfred Gomis,Lorient,Ligue 1
2,DF,BRA,Igor Silva,Lorient,Ligue 1
3,DF,TUN,Montassar Talbi,Lorient,Ligue 1
4,DF,FRA,Loris Mouyokolo,Lorient,Ligue 1
5,DF,FRA,Benjamin Mendy,Lorient,Ligue 1
6,MF,MAR,Imran Louza,Lorient,Ligue 1
7,MF,GRE,Panos Katseris,Lorient,Ligue 1
8,MF,NGA,Bonke Innocent,Lorient,Ligue 1
9,FW,CIV,Mohamed Bamba,Lorient,Ligue 1
10,MF,ALG,Badredine Bouanani,Lorient,Ligue 1
11,FW,SEN,Bamba Dieng,Lorient,Ligue 1
12,DF,CMR,Darlin Yongwa,Lorient,Ligue 1
13,DF,SEN,Formose Mendy,Lorient,Ligue 1
14,MF,FRA,Tiémoué Bakayoko,Lorient,Ligue 1
15,DF,FRA,Julien Laporte,Lorient,Ligue 1
17,MF,FRA,Jean-Victor Makengo,Lorient,Ligue 1
19,MF,FRA,Laurent Abergel (captain),Lorient,Ligue 1
21,MF,FRA,Julien Ponceau,Lorient,Ligue 1
22,FW,FRA,Eli Junior Kroupi,Lorient,Ligue 1
24,DF,COD,Gédéon Kalulu,Lorient,Ligue 1
27,FW,BEN,Tosin Aiyegun,Lorient,Ligue 1
32,DF,GHA,Nathaniel Adjei,Lorient,Ligue 1
37,MF,FRA,Théo Le Bris,Lorient,Ligue 1
38,GK,SUI,Yvon Mvogo,Lorient,Ligue 1
44,MF,FRA,Ayman Kari,Lorient,Ligue 1
94,GK,CAF,Dominique Youfeigane,Lorient,Ligue 1
95,DF,FRA,Isaak Touré,Lorient,Ligue 1
97,MF,FRA,Quentin Boisgard,Lorient,Ligue 1
—,DF,CIV,Bamo Meïté,Lorient,Ligue 1
—,DF,GUI,Dembo Sylla,Lorient,Ligue 1
—,MF,CIV,Stéphane Diarra,Lorient,Ligue 1
—,MF,NOR,Joel Mvuka,Lorient,Ligue 1
—,FW,FRA,Yoann Cathline,Lorient,Ligue 1
—,FW,MLI,Siriné Doucouré,Lorient,Ligue 1
—,FW,AUT,Adrian Grbić,Lorient,Ligue 1
—,FW,NGA,Taofeek Ismaheel,Lorient,Ligue 1
—,FW,SEN,Bassirou N'Diaye,Lorient,Ligue 1
—,FW,FRA,Pablo Pagis,Lorient,Ligue 1
—,FW,SEN,Sambou Soumano,Lorient,Ligue 1
1,GK,POR,Anthony Lopes (3rd captain),OL,Ligue 1
2,DF,CIV,Sinaly Diomandé,OL,Ligue 1
3,DF,ARG,Nicolás Tagliafico,OL,Ligue 1
4,MF,CIV,Paul Akouokou,OL,Ligue 1
5,DF,CRO,Dejan Lovren,OL,Ligue 1
6,MF,FRA,Maxence Caqueret,OL,Ligue 1
7,FW,GNB,Mama Baldé,OL,Ligue 1
8,MF,FRA,Corentin Tolisso (vice-captain),OL,Ligue 1
9,FW,NGA,Gift Orban,OL,Ligue 1
10,FW,FRA,Alexandre Lacazette (captain),OL,Ligue 1
11,FW,BEL,Malick Fofana,OL,Ligue 1
12,DF,IRL,Jake O'Brien,OL,Ligue 1
14,DF,BRA,Adryelson,OL,Ligue 1
17,FW,ALG,Saïd Benrahma,OL,Ligue 1
18,FW,FRA,Rayan Cherki,OL,Ligue 1
20,DF,FRA,Saël Kumbedi,OL,Ligue 1
21,DF,BRA,Henrique,OL,Ligue 1
22,DF,ANG,Clinton Mata,OL,Ligue 1
23,GK,BRA,Lucas Perri,OL,Ligue 1
24,MF,FRA,Johann Lepenant,OL,Ligue 1
25,MF,BEL,Orel Mangala,OL,Ligue 1
30,GK,FRA,Justin Bengui,OL,Ligue 1
31,MF,SRB,Nemanja Matić,OL,Ligue 1
34,MF,FRA,Mahamadou Diawara,OL,Ligue 1
37,FW,GHA,Ernest Nuamah,OL,Ligue 1
55,DF,CRO,Duje Ćaleta-Car,OL,Ligue 1
84,MF,FRA,Mohamed El Arouch,OL,Ligue 1
98,MF,ENG,Ainsley Maitland-Niles,OL,Ligue 1
—,GK,FRA,Mathieu Patouillet,OL,Ligue 1
—,DF,FRA,Irvyn Lomami,OL,Ligue 1
—,DF,MAR,Achraf Laâziri,OL,Ligue 1
—,DF,FRA,Mamadou Sarr,OL,Ligue 1
—,MF,FRA,Skelly Alvero,OL,Ligue 1
—,MF,FRA,Florent Da Silva,OL,Ligue 1
—,FW,BRA,Jeffinho,OL,Ligue 1
—,FW,SWE,Amin Sarr,OL,Ligue 1
—,FW,ZIM,Tino Kadewere,OL,Ligue 1
1,GK,FRA,Guillaume Dietsch,Metz,Ligue 1
2,DF,FRA,Maxime Colin,Metz,Ligue 1
3,DF,FRA,Matthieu Udol (captain),Metz,Ligue 1
5,DF,GNB,Fali Candé,Metz,Ligue 1
6,MF,FRA,Kévin N'Doram,Metz,Ligue 1
7,FW,SEN,Pape Amadou Diallo,Metz,Ligue 1
8,DF,CIV,Ismaël Traoré (vice-captain),Metz,Ligue 1
10,FW,GEO,Georges Mikautadze,Metz,Ligue 1
11,FW,CMR,Didier Lamkel Zé,Metz,Ligue 1
12,MF,CGO,Warren Tchimbembé,Metz,Ligue 1
14,MF,SEN,Cheikh Sabaly,Metz,Ligue 1
15,DF,SEN,Ababacar Lô,Metz,Ligue 1
16,GK,ALG,Alexandre Oukidja,Metz,Ligue 1
17,FW,GHA,Benjamin Tetteh,Metz,Ligue 1
18,MF,SEN,Lamine Camara,Metz,Ligue 1
22,DF,ALG,Kevin Van Den Kerkhof,Metz,Ligue 1
25,MF,FRA,Arthur Atta,Metz,Ligue 1
26,FW,SEN,Malick Mbaye,Metz,Ligue 1
27,MF,HAI,Danley Jean Jacques,Metz,Ligue 1
29,DF,MTQ,Christophe Hérelle,Metz,Ligue 1
30,GK,FRA,Marc-Aurèle Caillard,Metz,Ligue 1
34,MF,FRA,Joseph N'Duquidi,Metz,Ligue 1
36,MF,GAM,Ablie Jallow,Metz,Ligue 1
37,FW,SEN,Ibou Sané,Metz,Ligue 1
38,DF,SEN,Sadibou Sané,Metz,Ligue 1
39,DF,CIV,Koffi Kouao,Metz,Ligue 1
99,FW,SWE,Joel Asoro,Metz,Ligue 1
—,GK,SEN,Ousmane Ba,Metz,Ligue 1
—,DF,MAR,Sofiane Alakouch,Metz,Ligue 1
—,MF,MAR,Othmane Chraibi,Metz,Ligue 1
—,MF,FRA,Oussmane Kébé,Metz,Ligue 1
—,MF,BEL,Sami Lahssaini,Metz,Ligue 1
—,MF,FRA,Lilian Raillot,Metz,Ligue 1
—,FW,CMR,Morgan Bokele,Metz,Ligue 1
—,FW,FRA,Simon Elisor,Metz,Ligue 1
—,FW,ALB,Xhuliano Skuka,Metz,Ligue 1
—,FW,FRA,Édouard Soumah-Abbad,Metz,Ligue 1
—,FW,MTN,Pape Ndiaga Yade,Metz,Ligue 1
1,GK,POL,Radosław Majecki,Monaco,Ligue 1
2,DF,BRA,Vanderson,Monaco,Ligue 1
3,DF,CHI,Guillermo Maripán,Monaco,Ligue 1
4,MF,MLI,Mohamed Camara,Monaco,Ligue 1
5,DF,GER,Thilo Kehrer,Monaco,Ligue 1
6,MF,SUI,Denis Zakaria,Monaco,Ligue 1
7,MF,MAR,Eliesse Ben Seghir,Monaco,Ligue 1
10,FW,FRA,Wissam Ben Yedder (captain),Monaco,Ligue 1
12,DF,BRA,Caio Henrique,Monaco,Ligue 1
14,DF,SEN,Ismail Jakobs,Monaco,Ligue 1
16,GK,SUI,Philipp Köhn,Monaco,Ligue 1
17,MF,RUS,Aleksandr Golovin (3rd captain),Monaco,Ligue 1
18,MF,JPN,Takumi Minamino,Monaco,Ligue 1
19,MF,FRA,Youssouf Fofana (vice-captain),Monaco,Ligue 1
20,DF,FRA,Kassoum Ouattara,Monaco,Ligue 1
21,MF,FRA,Maghnes Akliouche,Monaco,Ligue 1
22,DF,GHA,Mohammed Salisu,Monaco,Ligue 1
27,FW,SEN,Krépin Diatta,Monaco,Ligue 1
29,FW,USA,Folarin Balogun,Monaco,Ligue 1
36,FW,SUI,Breel Embolo,Monaco,Ligue 1
37,MF,FRA,Edan Diop,Monaco,Ligue 1
50,GK,FRA,Yann Liénard,Monaco,Ligue 1
88,MF,FRA,Soungoutou Magassa,Monaco,Ligue 1
99,DF,CIV,Wilfried Singo,Monaco,Ligue 1
—,DF,FRA,Antonin Cartillier,Monaco,Ligue 1
—,DF,FRA,Chrislain Matsima,Monaco,Ligue 1
—,DF,FRA,Jordan Semedo,Monaco,Ligue 1
—,MF,FRA,Félix Lemaréchal,Monaco,Ligue 1
—,MF,BEL,Eliot Matazo,Monaco,Ligue 1
—,MF,POR,Tiago Ribeiro,Monaco,Ligue 1
—,FW,NED,Myron Boadu,Monaco,Ligue 1
—,FW,FRA,Malamine Efekele,Monaco,Ligue 1
1,GK,BIH,Belmin Dizdarević,Montpellier,Ligue 1
2,DF,ALG,Mehdi Zeffane,Montpellier,Ligue 1
3,DF,BRA,Neto Borges,Montpellier,Ligue 1
4,DF,FRA,Chrislain Matsima,Montpellier,Ligue 1
5,DF,BEL,Maximiliano Caufriez,Montpellier,Ligue 1
6,MF,MLI,Habib Keïta,Montpellier,Ligue 1
7,MF,FRA,Yohann Magnin,Montpellier,Ligue 1
8,FW,FRA,Bilal Boutobba,Montpellier,Ligue 1
9,FW,SRB,Komnen Andrić,Montpellier,Ligue 1
10,MF,AUT,Muhammed Cham,Montpellier,Ligue 1
11,FW,GAB,Jim Allevinah,Montpellier,Ligue 1
12,MF,FRA,Maxime Gonalons (vice-captain),Montpellier,Ligue 1
15,DF,MLI,Cheick Oumar Konaté,Montpellier,Ligue 1
16,GK,FRA,Théo Borne,Montpellier,Ligue 1
17,DF,FRA,Andy Pelmard,Montpellier,Ligue 1
18,FW,KOS,Elbasan Rashani,Montpellier,Ligue 1
21,DF,FRA,Florent Ogier (captain),Montpellier,Ligue 1
22,DF,FRA,Yoël Armougom,Montpellier,Ligue 1
23,FW,JAM,Shamar Nicholson,Montpellier,Ligue 1
25,MF,FRA,Johan Gastien (3rd captain),Montpellier,Ligue 1
26,FW,FRA,Alan Virginius,Montpellier,Ligue 1
91,FW,ANG,Jérémie Bela,Montpellier,Ligue 1
95,FW,FRA,Grejohn Kyei,Montpellier,Ligue 1
97,DF,FRA,Jérémy Jacquet,Montpellier,Ligue 1
99,GK,SEN,Mory Diaw,Montpellier,Ligue 1
1,GK,Bosnia and Herzegovina,Belmin Dizdarević,Montpellier,Ligue 1
3,DF,Guinea,Issiaga Sylla,Montpellier,Ligue 1
4,DF,Mali,Boubakar Kouyaté,Montpellier,Ligue 1
5,DF,Mali,Modibo Sagnan,Montpellier,Ligue 1
6,DF,France,Christopher Jullien,Montpellier,Ligue 1
7,FW,France,Arnaud Nordin,Montpellier,Ligue 1
8,FW,Nigeria,Akor Adams,Montpellier,Ligue 1
9,FW,Jordan,Mousa Al-Tamari,Montpellier,Ligue 1
10,FW,Tunisia,Wahbi Khazri,Montpellier,Ligue 1
11,MF,France,Téji Savanier (captain),Montpellier,Ligue 1
12,MF,France,Jordan Ferri (vice-captain),Montpellier,Ligue 1
13,MF,France,Joris Chotard,Montpellier,Ligue 1
16,GK,Congo,Dimitry Bertaud,Montpellier,Ligue 1
17,DF,France,Théo Sainte-Luce,Montpellier,Ligue 1
18,MF,France,Léo Leroy,Montpellier,Ligue 1
19,MF,France,Sacha Delaye,Montpellier,Ligue 1
22,MF,France,Khalil Fayad,Montpellier,Ligue 1
23,FW,France,Yann Karamoh,Montpellier,Ligue 1
27,DF,Switzerland,Bećir Omeragić,Montpellier,Ligue 1
29,DF,Cameroon,Enzo Tchato,Montpellier,Ligue 1
35,DF,France,Lucas Mincarelli Davin,Montpellier,Ligue 1
36,DF,Switzerland,Silvan Hefti,Montpellier,Ligue 1
39,FW,France,Yanis Issoufou,Montpellier,Ligue 1
40,GK,France,Benjamin Lecomte,Montpellier,Ligue 1
70,FW,France,Tanguy Coulibaly,Montpellier,Ligue 1
77,DF,Mali,Falaye Sacko,Montpellier,Ligue 1
41,MF,FRA,Senny Mayulu,PSG,Ligue 1
80,GK,ESP,Arnau Tenas,PSG,Ligue 1
97,DF,FRA,Layvin Kurzawa,PSG,Ligue 1
99,GK,ITA,Gianluigi Donnarumma,PSG,Ligue 1
—,GK,FRA,Lucas Lavallée,PSG,Ligue 1
—,DF,ESP,Juan Bernat,PSG,Ligue 1
—,DF,FRA,Colin Dagba,PSG,Ligue 1
—,DF,FRA,Vimoj Muntu Wa Mungu,PSG,Ligue 1
—,MF,ESP,Ismaël Gharbi,PSG,Ligue 1
—,MF,FRA,Ayman Kari,PSG,Ligue 1
—,MF,BRA,Gabriel Moscardo,PSG,Ligue 1
—,MF,ITA,Cher Ndour,PSG,Ligue 1
—,MF,POR,Renato Sanches,PSG,Ligue 1
—,MF,NED,Xavi Simons,PSG,Ligue 1
—,FW,MAR,Ilyes Housni,PSG,Ligue 1
—,FW,FRA,Noha Lemina,PSG,Ligue 1
2,DF,Kenya,Joseph Okumu,Reims,Ligue 1
4,DF,Belgium,Maxime Busi,Reims,Ligue 1
5,DF,Morocco,Yunis Abdelhamid (captain),Reims,Ligue 1
6,MF,France,Valentin Atangana,Reims,Ligue 1
7,FW,Japan,Junya Itō,Reims,Ligue 1
8,MF,Morocco,Amir Richardson,Reims,Ligue 1
9,FW,Denmark,Mohamed Daramy,Reims,Ligue 1
10,MF,Malta,Teddy Teuma,Reims,Ligue 1
14,MF,Germany,Reda Khadra,Reims,Ligue 1
15,MF,Zimbabwe,Marshall Munetsi,Reims,Ligue 1
16,GK,France,Ludovic Butelle,Reims,Ligue 1
17,FW,Japan,Keito Nakamura,Reims,Ligue 1
18,DF,Spain,Sergio Akieme,Reims,Ligue 1
22,FW,Ivory Coast,Oumar Diakité,Reims,Ligue 1
24,DF,Ivory Coast,Emmanuel Agbadou,Reims,Ligue 1
25,DF,Belgium,Thibault De Smet,Reims,Ligue 1
26,MF,France,Benjamin Stambouli,Reims,Ligue 1
27,FW,Gambia,Adama Bojang,Reims,Ligue 1
32,DF,Belgium,Thomas Foket,Reims,Ligue 1
45,DF,France,Thérence Koudou,Reims,Ligue 1
94,GK,France,Yehvann Diouf,Reims,Ligue 1
96,GK,France,Alexandre Olliero,Reims,Ligue 1
—,DF,Ecuador,Maiky de la Cruz,Reims,Ligue 1
—,DF,Guinea,Ibrahim Diakité,Reims,Ligue 1
—,DF,USA,Kobi Henry,Reims,Ligue 1
—,DF,France,Cheick Keita,Reims,Ligue 1
—,MF,France,Martin Adeline,Reims,Ligue 1
—,MF,Mali,Kamory Doumbia,Reims,Ligue 1
—,FW,France,Amine Salama,Reims,Ligue 1
—,FW,Australia,Mohamed Touré,Reims,Ligue 1
1,GK,France,Gauthier Gallon,Rennes,Ligue 1
3,DF,France,Adrien Truffert,Rennes,Ligue 1
5,DF,Belgium,Arthur Theate,Rennes,Ligue 1
6,MF,Netherlands,Azor Matusiwa,Rennes,Ligue 1
7,FW,France,Martin Terrier,Rennes,Ligue 1
8,MF,France,Baptiste Santamaria,Rennes,Ligue 1
9,FW,France,Arnaud Kalimuendo,Rennes,Ligue 1
10,FW,Algeria,Amine Gouiri,Rennes,Ligue 1
11,MF,France,Ludovic Blas,Rennes,Ligue 1
14,MF,France,Benjamin Bourigeaud (vice-captain),Rennes,Ligue 1
15,DF,Cameroon,Christopher Wooh,Rennes,Ligue 1
16,DF,France,Jeanuël Belocian,Rennes,Ligue 1
17,DF,Ivory Coast,Guéla Doué,Rennes,Ligue 1
23,DF,France,Warmed Omari,Rennes,Ligue 1
28,MF,France,Enzo Le Fée,Rennes,Ligue 1
30,GK,France,Steve Mandanda (captain),Rennes,Ligue 1
32,MF,Switzerland,Fabian Rieder,Rennes,Ligue 1
33,MF,France,Désiré Doué,Rennes,Ligue 1
34,FW,Morocco,Ibrahim Salah,Rennes,Ligue 1
36,DF,Ghana,Alidu Seidu,Rennes,Ligue 1
39,FW,France,Mathis Lambourde,Rennes,Ligue 1
40,GK,Central African Republic,Geoffrey Lembet,Rennes,Ligue 1
43,DF,Cameroon,Aboubakar Nagida,Rennes,Ligue 1
99,FW,Turkey,Bertuğ Yıldırım,Rennes,Ligue 1
16,GK,Turkey,Doğan Alemdar,Rennes,Ligue 1
—,GK,Senegal,Alfred Gomis,Rennes,Ligue 1
—,DF,France,Lorenz Assignon,Rennes,Ligue 1
—,DF,France,Jérémy Jacquet,Rennes,Ligue 1
—,MF,France,Matthis Abline,Rennes,Ligue 1
—,FW,Gabon,Alan Do Marcolino,Rennes,Ligue 1
1,GK,France,Matthieu Dreyer,Strasbourg,Ligue 1
2,DF,France,Frédéric Guilbert,Strasbourg,Ligue 1
3,DF,France,Thomas Delaine,Strasbourg,Ligue 1
4,DF,Poland,Karol Fila,Strasbourg,Ligue 1
5,DF,France,Lucas Perrin,Strasbourg,Ligue 1
6,MF,Ivory Coast,Jean-Eudes Aholou,Strasbourg,Ligue 1
7,MF,France,Jessy Deminguet,Strasbourg,Ligue 1
8,MF,Brazil,Andrey Santos,Strasbourg,Ligue 1
9,FW,France,Kevin Gameiro,Strasbourg,Ligue 1
10,FW,Netherlands,Emanuel Emegha,Strasbourg,Ligue 1
11,FW,Ivory Coast,Moïse Sahi,Strasbourg,Ligue 1
12,FW,South Africa,Lebo Mothiba,Strasbourg,Ligue 1
13,DF,Guinea,Saïdou Sow,Strasbourg,Ligue 1
14,MF,Bosnia and Herzegovina,Sanjin Prcić,Strasbourg,Ligue 1
18,DF,France,Junior Mwanga,Strasbourg,Ligue 1
19,MF,Senegal,Habib Diarra,Strasbourg,Ligue 1
23,FW,Brazil,Ângelo,Strasbourg,Ligue 1
24,DF,Ivory Coast,Abakar Sylla,Strasbourg,Ligue 1
25,DF,France,Steven Baseya,Strasbourg,Ligue 1
26,FW,France,Dilane Bakwa,Strasbourg,Ligue 1
27,MF,Mali,Ibrahima Sissoko,Strasbourg,Ligue 1
28,DF,France,Marvin Senaya,Strasbourg,Ligue 1
29,DF,France,Ismaël Doukouré,Strasbourg,Ligue 1
30,GK,Haiti,Alexandre Pierre,Strasbourg,Ligue 1
36,GK,Morocco,Alaa Bellaarouch,Strasbourg,Ligue 1
40,FW,Martinique,Jérémy Sebas,Strasbourg,Ligue 1
—,GK,France,Robin Risser,Strasbourg,Ligue 1
—,DF,Ukraine,Eduard Sobol,Strasbourg,Ligue 1
—,MF,Haiti,Fredler Christophe,Strasbourg,Ligue 1
—,MF,Haiti,Dany Jean,Strasbourg,Ligue 1
—,MF,Morocco,Nordine Kandil,Strasbourg,Ligue 1
—,FW,France,Lorenzo Depuidt,Strasbourg,Ligue 1
—,FW,Serbia,Miloš Luković,Strasbourg,Ligue 1
1,GK,France,Thomas Himeur,Toulouse,Ligue 1
2,DF,Denmark,Rasmus Nicolaisen,Toulouse,Ligue 1
3,DF,Denmark,Mikkel Desler,Toulouse,Ligue 1
4,MF,Netherlands,Stijn Spierings,Toulouse,Ligue 1
5,MF,Australia,Denis Genreau,Toulouse,Ligue 1
6,DF,Cape Verde,Logan Costa,Toulouse,Ligue 1
7,FW,Morocco,Zakaria Aboukhlal,Toulouse,Ligue 1
8,MF,Switzerland,Vincent Sierro (captain),Toulouse,Ligue 1
9,FW,Netherlands,Thijs Dallinga,Toulouse,Ligue 1
10,FW,Netherlands,Ibrahim Cissoko,Toulouse,Ligue 1
11,MF,Spain,César Gelabert,Toulouse,Ligue 1
12,DF,Norway,Warren Kamanzi,Toulouse,Ligue 1
13,DF,France,Christian Mawissa,Toulouse,Ligue 1
15,MF,Norway,Aron Dønnum,Toulouse,Ligue 1
17,DF,Chile,Gabriel Suazo,Toulouse,Ligue 1
19,FW,Cameroon,Frank Magri,Toulouse,Ligue 1
20,MF,Germany,Niklas Schmidt,Toulouse,Ligue 1
22,MF,Finland,Naatan Skyttä,Toulouse,Ligue 1
23,DF,Mali,Moussa Diarra,Toulouse,Ligue 1
24,MF,Venezuela,Cristian Cásseres Jr.,Toulouse,Ligue 1
25,DF,Cameroon,Kévin Keben,Toulouse,Ligue 1
26,DF,France,Ylies Aradj,Toulouse,Ligue 1
30,GK,Spain,Álex Domínguez,Toulouse,Ligue 1
33,FW,France,Bonota Traoré,Toulouse,Ligue 1
34,MF,France,Noah Lahmadi,Toulouse,Ligue 1
35,FW,France,Noah Edjouma,Toulouse,Ligue 1
37,MF,France,Yann Gboho,Toulouse,Ligue 1
40,GK,France,Justin Lacombe,Toulouse,Ligue 1
50,GK,France,Guillaume Restes,Toulouse,Ligue 1
80,FW,Gabon,Shavy Babicka,Toulouse,Ligue 1
14,FW,Morocco,Yanis Begraoui,Toulouse,Ligue 1
18,DF,Sweden,Oliver Zandén,Toulouse,Ligue 1
21,MF,Burkina Faso,Mamady Bangré,Toulouse,Ligue 1
77,FW,Jamaica,Junior Flemmings,Toulouse,Ligue 1
—,MF,France,Kléri Serber,Toulouse,Ligue 1
—,FW,Bosnia and Herzegovina,Said Hamulić,Toulouse,Ligue 1
—,GK,Norway,Kjetil Haug,Toulouse,Ligue 1
1,GK,Argentina,Juan Musso,Atalanta,Serie A
2,DF,Italy,Rafael Tolói (captain),Atalanta,Serie A
3,MF,Sweden,Emil Holm,Atalanta,Serie A
4,DF,Sweden,Isak Hien,Atalanta,Serie A
6,DF,Argentina,José Luis Palomino,Atalanta,Serie A
7,MF,Netherlands,Teun Koopmeiners,Atalanta,Serie A
8,MF,Croatia,Mario Pašalić,Atalanta,Serie A
10,FW,Mali,El Bilal Touré,Atalanta,Serie A
11,FW,Nigeria,Ademola Lookman,Atalanta,Serie A
13,MF,Brazil,Éderson,Atalanta,Serie A
15,MF,Netherlands,Marten de Roon (vice-captain),Atalanta,Serie A
17,FW,Belgium,Charles De Ketelaere,Atalanta,Serie A
19,DF,Albania,Berat Djimsiti (3rd captain),Atalanta,Serie A
20,MF,Netherlands,Mitchel Bakker,Atalanta,Serie A
22,MF,Italy,Matteo Ruggeri,Atalanta,Serie A
23,DF,Bosnia and Herzegovina,Sead Kolašinac,Atalanta,Serie A
25,MF,France,Michel Adopo,Atalanta,Serie A
29,GK,Italy,Marco Carnesecchi,Atalanta,Serie A
31,GK,Italy,Francesco Rossi,Atalanta,Serie A
33,MF,Netherlands,Hans Hateboer,Atalanta,Serie A
42,DF,Italy,Giorgio Scalvini,Atalanta,Serie A
59,FW,Russia,Aleksey Miranchuk,Atalanta,Serie A
77,MF,Italy,Davide Zappacosta,Atalanta,Serie A
90,FW,Italy,Gianluca Scamacca,Atalanta,Serie A
30,MF,Italy,Alessandro Cortinovis,Atalanta,Serie A
40,GK,Italy,Paolo Vismara,Atalanta,Serie A
43,DF,Italy,Giovanni Bonfanti,Atalanta,Serie A
44,MF,Italy,Leonardo Mendicino,Atalanta,Serie A
45,DF,Italy,Marco Palestra,Atalanta,Serie A
46,DF,Italy,Tommaso Del Lungo,Atalanta,Serie A
47,MF,Italy,Matteo Colombo,Atalanta,Serie A
48,MF,Italy,Alberto Manzoni,Atalanta,Serie A
49,DF,Italy,Andrea Ceresoli,Atalanta,Serie A
51,MF,Italy,Andrea Bonanomi,Atalanta,Serie A
52,FW,Italy,Tommaso De Nipoti,Atalanta,Serie A
53,DF,Italy,Pietro Comi,Atalanta,Serie A
54,FW,Spain,Siren Diao,Atalanta,Serie A
99,FW,Guinea,Moustapha Cissé,Atalanta,Serie A
3,DF,Austria,Stefan Posch,Bologna,Serie A
4,DF,Serbia,Mihajlo Ilić,Bologna,Serie A
5,DF,France,Adama Soumaoro,Bologna,Serie A
6,MF,Croatia,Nikola Moro,Bologna,Serie A
7,FW,Italy,Riccardo Orsolini,Bologna,Serie A
8,MF,Switzerland,Remo Freuler,Bologna,Serie A
9,FW,Netherlands,Joshua Zirkzee,Bologna,Serie A
10,FW,Sweden,Jesper Karlsson,Bologna,Serie A
11,FW,Switzerland,Dan Ndoye,Bologna,Serie A
15,DF,Denmark,Victor Kristiansen,Bologna,Serie A
16,DF,Italy,Tommaso Corazza,Bologna,Serie A
17,MF,Morocco,Oussama El Azzouzi,Bologna,Serie A
18,FW,Argentina,Santiago Castro,Bologna,Serie A
19,MF,Scotland,Lewis Ferguson (captain),Bologna,Serie A
20,MF,Switzerland,Michel Aebischer,Bologna,Serie A
21,FW,Denmark,Jens Odgaard,Bologna,Serie A
22,DF,Greece,Charalampos Lykogiannis,Bologna,Serie A
23,GK,Italy,Nicola Bagnolini,Bologna,Serie A
26,DF,Colombia,Jhon Lucumí,Bologna,Serie A
28,GK,Poland,Łukasz Skorupski,Bologna,Serie A
29,DF,Italy,Lorenzo De Silvestri,Bologna,Serie A
31,DF,Netherlands,Sam Beukema,Bologna,Serie A
33,DF,Italy,Riccardo Calafiori,Bologna,Serie A
34,GK,Italy,Federico Ravaglia,Bologna,Serie A
56,MF,Belgium,Alexis Saelemaekers,Bologna,Serie A
80,MF,Italy,Giovanni Fabbian,Bologna,Serie A
82,MF,Poland,Kacper Urbański,Bologna,Serie A
1,GK,Serbia,Boris Radunović,Cagliari,Serie A
3,DF,Italy,Edoardo Goldaniga,Cagliari,Serie A
4,DF,Italy,Alberto Dossena,Cagliari,Serie A
5,MF,Italy,Marco Mancosu,Cagliari,Serie A
8,MF,Uruguay,Nahitan Nández (vice-captain),Cagliari,Serie A
9,FW,Peru,Gianluca Lapadula,Cagliari,Serie A
10,MF,Italy,Nicolas Viola,Cagliari,Serie A
14,MF,Italy,Alessandro Deiola,Cagliari,Serie A
16,MF,Italy,Matteo Prati,Cagliari,Serie A
17,DF,Greece,Pantelis Hatzidiakos,Cagliari,Serie A
18,GK,Italy,Simone Aresti,Cagliari,Serie A
19,MF,Italy,Gaetano Oristanio,Cagliari,Serie A
21,MF,Czech Republic,Jakub Jankto,Cagliari,Serie A
22,GK,Italy,Simone Scuffet,Cagliari,Serie A
23,DF,Poland,Mateusz Wieteska,Cagliari,Serie A
25,MF,Ghana,Ibrahim Sulemana,Cagliari,Serie A
26,DF,Colombia,Yerry Mina,Cagliari,Serie A
27,DF,Italy,Tommaso Augello,Cagliari,Serie A
28,DF,Italy,Gabriele Zappa,Cagliari,Serie A
29,MF,Congo,Antoine Makoumbou,Cagliari,Serie A
30,FW,Italy,Leonardo Pavoletti (captain),Cagliari,Serie A
32,FW,Italy,Andrea Petagna,Cagliari,Serie A
33,DF,Slovakia,Adam Obert,Cagliari,Serie A
37,DF,Brazil,Paulo Azzi,Cagliari,Serie A
61,FW,Uzbekistan,Eldor Shomurodov,Cagliari,Serie A
70,MF,Italy,Gianluca Gaetano,Cagliari,Serie A
77,FW,Angola,Zito Luvumbo,Cagliari,Serie A
99,DF,Italy,Alessandro Di Pardo,Cagliari,Serie A
1,GK,Italy,Samuele Perisan,Empoli,Serie A
2,DF,Georgia,Saba Goglichidze,Empoli,Serie A
3,DF,Italy,Giuseppe Pezzella,Empoli,Serie A
4,DF,Poland,Sebastian Walukiewicz,Empoli,Serie A
5,MF,Italy,Alberto Grassi,Empoli,Serie A
7,FW,Albania,Stiven Shpendi,Empoli,Serie A
8,MF,Ukraine,Viktor Kovalenko,Empoli,Serie A
9,FW,Italy,Francesco Caputo,Empoli,Serie A
10,FW,Senegal,M'Baye Niang,Empoli,Serie A
11,FW,Ghana,Emmanuel Gyasi,Empoli,Serie A
13,DF,New Zealand,Liberato Cacace,Empoli,Serie A
16,MF,Italy,Luca Belardinelli,Empoli,Serie A
17,FW,Italy,Alberto Cerri,Empoli,Serie A
18,MF,Romania,Răzvan Marin,Empoli,Serie A
19,DF,Poland,Bartosz Bereszyński,Empoli,Serie A
20,FW,Italy,Matteo Cancellieri,Empoli,Serie A
21,MF,Italy,Jacopo Fazzini,Empoli,Serie A
23,FW,Italy,Mattia Destro,Empoli,Serie A
24,DF,Nigeria,Tyronne Ebuehi,Empoli,Serie A
25,GK,Italy,Elia Caprile,Empoli,Serie A
27,MF,Poland,Szymon Żurkowski,Empoli,Serie A
28,FW,Italy,Nicolò Cambiaghi,Empoli,Serie A
29,MF,Morocco,Youssef Maleh,Empoli,Serie A
30,MF,Italy,Simone Bastoni,Empoli,Serie A
33,DF,Italy,Sebastiano Luperto (captain),Empoli,Serie A
34,DF,Albania,Ardian Ismajli,Empoli,Serie A
99,GK,Albania,Etrit Berisha,Empoli,Serie A
1,GK,Italy,Pietro Terracciano,Fiorentina,Serie A
2,DF,Brazil,Dodô,Fiorentina,Serie A
3,DF,Italy,Cristiano Biraghi (captain),Fiorentina,Serie A
4,DF,Serbia,Nikola Milenković,Fiorentina,Serie A
5,MF,Italy,Giacomo Bonaventura (vice-captain),Fiorentina,Serie A
6,MF,Brazil,Arthur Melo,Fiorentina,Serie A
7,FW,Italy,Riccardo Sottil,Fiorentina,Serie A
8,MF,France,Maxime Lopez,Fiorentina,Serie A
9,FW,Argentina,Lucas Beltrán,Fiorentina,Serie A
10,FW,Argentina,Nicolás González,Fiorentina,Serie A
11,FW,France,Jonathan Ikoné,Fiorentina,Serie A
16,DF,Italy,Luca Ranieri,Fiorentina,Serie A
17,MF,Italy,Gaetano Castrovilli,Fiorentina,Serie A
18,FW,Angola,M'Bala Nzola,Fiorentina,Serie A
19,MF,Argentina,Gino Infantino,Fiorentina,Serie A
20,FW,Italy,Andrea Belotti,Fiorentina,Serie A
22,DF,Italy,Davide Faraoni,Fiorentina,Serie A
28,DF,Argentina,Lucas Martínez Quarta,Fiorentina,Serie A
30,GK,Italy,Tommaso Martinelli,Fiorentina,Serie A
32,MF,Ghana,Alfred Duncan,Fiorentina,Serie A
33,DF,Italy,Michael Kayode,Fiorentina,Serie A
37,DF,Italy,Pietro Comuzzo,Fiorentina,Serie A
38,MF,Italy,Rolando Mandragora,Fiorentina,Serie A
40,GK,Italy,Tommaso Vannucchi,Fiorentina,Serie A
53,GK,Denmark,Oliver Christensen,Fiorentina,Serie A
65,DF,Italy,Fabiano Parisi,Fiorentina,Serie A
72,MF,Czech Republic,Antonín Barák,Fiorentina,Serie A
99,FW,Ivory Coast,Christian Kouamé,Fiorentina,Serie A
1,GK,Italy,Pierluigi Frattali,Frosinone,Serie A
3,DF,Italy,Riccardo Marchizza,Frosinone,Serie A
4,MF,Italy,Marco Brescianini,Frosinone,Serie A
5,DF,Italy,Caleb Okoli,Frosinone,Serie A
6,DF,Italy,Simone Romagnoli (vice-captain),Frosinone,Serie A
7,FW,Uruguay,Jaime Báez,Frosinone,Serie A
8,FW,Senegal,Demba Seck,Frosinone,Serie A
9,FW,Brazil,Kaio Jorge,Frosinone,Serie A
10,FW,Italy,Giuseppe Caso,Frosinone,Serie A
11,FW,Albania,Marvin Çuni,Frosinone,Serie A
12,MF,Brazil,Reinier,Frosinone,Serie A
14,MF,Italy,Francesco Gelli,Frosinone,Serie A
15,MF,Turkey,İsak Vural,Frosinone,Serie A
16,MF,Italy,Luca Garritano,Frosinone,Serie A
17,FW,Georgia,Giorgi Kvernadze,Frosinone,Serie A
18,FW,Argentina,Matías Soulé,Frosinone,Serie A
19,MF,Italy,Nadir Zortea,Frosinone,Serie A
20,DF,Spain,Pol Lirola,Frosinone,Serie A
21,MF,Morocco,Abdou Harroui,Frosinone,Serie A
22,DF,Gabon,Anthony Oyono,Frosinone,Serie A
23,DF,Albania,Sergio Kalaj,Frosinone,Serie A
26,FW,Morocco,Soufiane Bidaoui,Frosinone,Serie A
27,MF,Germany,Arijon Ibrahimović,Frosinone,Serie A
29,FW,France,Farès Ghedjemis,Frosinone,Serie A
30,DF,Italy,Ilario Monterisi (3rd captain),Frosinone,Serie A
31,GK,Italy,Michele Cerofolini,Frosinone,Serie A
32,DF,Italy,Emanuele Valeri,Frosinone,Serie A
33,DF,Italy,Kevin Bonifazi,Frosinone,Serie A
36,MF,Italy,Luca Mazzitelli (captain),Frosinone,Serie A
45,MF,Argentina,Enzo Barrenechea,Frosinone,Serie A
47,DF,Brazil,Mateus Lusuardi,Frosinone,Serie A
70,FW,Morocco,Walid Cheddira,Frosinone,Serie A
80,GK,Italy,Stefano Turati,Frosinone,Serie A
1,GK,Spain,Josep Martínez,Genoa,Serie A
2,MF,Norway,Morten Thorsby,Genoa,Serie A
3,DF,Spain,Aarón Martín,Genoa,Serie A
4,DF,Belgium,Koni De Winter,Genoa,Serie A
5,MF,Norway,Emil Bohinen,Genoa,Serie A
8,MF,Netherlands,Kevin Strootman,Genoa,Serie A
9,FW,Portugal,Vitinha,Genoa,Serie A
10,FW,Brazil,Junior Messias,Genoa,Serie A
11,FW,Iceland,Albert Guðmundsson,Genoa,Serie A
13,DF,Italy,Mattia Bani (vice-captain),Genoa,Serie A
14,DF,Italy,Alessandro Vogliacco,Genoa,Serie A
16,GK,Italy,Nicola Leali,Genoa,Serie A
17,MF,Ukraine,Ruslan Malinovskyi,Genoa,Serie A
18,FW,Ghana,Caleb Ekuban,Genoa,Serie A
19,FW,Italy,Mateo Retegui,Genoa,Serie A
20,DF,Italy,Stefano Sabelli,Genoa,Serie A
22,DF,Mexico,Johan Vásquez,Genoa,Serie A
23,DF,Italy,Giorgio Cittadini,Genoa,Serie A
30,FW,Nigeria,David Ankeye,Genoa,Serie A
32,MF,Denmark,Morten Frendrup,Genoa,Serie A
33,DF,Uruguay,Alan Matturro,Genoa,Serie A
39,GK,Italy,Daniele Sommariva,Genoa,Serie A
47,MF,Croatia,Milan Badelj (captain),Genoa,Serie A
55,DF,Suriname,Ridgeciano Haps,Genoa,Serie A
90,DF,England,Djed Spence,Genoa,Serie A
99,GK,Austria,Franz Stolz,Genoa,Serie A
1,GK,Italy,Lorenzo Montipò,Verona,Serie A
6,MF,France,Reda Belahyane,Verona,Serie A
7,FW,Netherlands,Elayis Tavşan,Verona,Serie A
8,MF,Serbia,Darko Lazović (captain),Verona,Serie A
9,FW,France,Thomas Henry,Verona,Serie A
10,FW,Serbia,Stefan Mitrović,Verona,Serie A
11,FW,Poland,Karol Świderski,Verona,Serie A
13,FW,Argentina,Juan Manuel Cruz,Verona,Serie A
14,MF,Spain,Joselito,Verona,Serie A
16,GK,Italy,Mattia Chiesa,Verona,Serie A
17,FW,Netherlands,Tijjani Noslin,Verona,Serie A
18,DF,France,Fabien Centonze,Verona,Serie A
19,DF,Portugal,Rúben Vinagre,Verona,Serie A
21,MF,Portugal,Dani Silva,Verona,Serie A
22,GK,Italy,Alessandro Berardi,Verona,Serie A
23,DF,Italy,Giangiacomo Magnani (3rd captain),Verona,Serie A
25,MF,Germany,Suat Serdar,Verona,Serie A
27,DF,Poland,Paweł Dawidowicz (vice-captain),Verona,Serie A
31,MF,Slovakia,Tomáš Suslov,Verona,Serie A
32,DF,Colombia,Juan Cabal,Verona,Serie A
33,MF,Slovakia,Ondrej Duda,Verona,Serie A
34,GK,Italy,Simone Perilli,Verona,Serie A
37,MF,Brazil,Charlys,Verona,Serie A
38,DF,Belgium,Jackson Tchatchoua,Verona,Serie A
42,DF,Italy,Diego Coppola,Verona,Serie A
90,MF,Italy,Michael Folorunsho,Verona,Serie A
99,FW,Italy,Federico Bonazzoli,Verona,Serie A
5,MF,Italy,Stefano Sensi,Inter,Serie A
7,MF,Colombia,Juan Cuadrado,Inter,Serie A
8,FW,Austria,Marko Arnautović,Inter,Serie A
12,GK,Italy,Raffaele Di Gennaro,Inter,Serie A
14,MF,Netherlands,Davy Klaassen,Inter,Serie A
16,MF,Italy,Davide Frattesi,Inter,Serie A
17,MF,Canada,Tajon Buchanan,Inter,Serie A
21,MF,Albania,Kristjan Asllani,Inter,Serie A
31,DF,Germany,Yann Bisseck,Inter,Serie A
36,DF,Italy,Matteo Darmian,Inter,Serie A
70,FW,Chile,Alexis Sánchez,Inter,Serie A
77,GK,Italy,Emil Audero,Inter,Serie A
1,GK,Poland,Wojciech Szczęsny,Juventus,Serie A
2,DF,Italy,Mattia De Sciglio,Juventus,Serie A
3,DF,Brazil,Bremer,Juventus,Serie A
4,DF,Italy,Federico Gatti,Juventus,Serie A
5,MF,Italy,Manuel Locatelli,Juventus,Serie A
6,DF,Brazil,Danilo (captain),Juventus,Serie A
7,FW,Italy,Federico Chiesa,Juventus,Serie A
9,FW,Serbia,Dušan Vlahović,Juventus,Serie A
11,MF,Serbia,Filip Kostić,Juventus,Serie A
12,DF,Brazil,Alex Sandro,Juventus,Serie A
14,FW,Poland,Arkadiusz Milik,Juventus,Serie A
15,FW,Turkey,Kenan Yıldız,Juventus,Serie A
16,MF,United States,Weston McKennie,Juventus,Serie A
17,FW,England,Samuel Iling-Junior,Juventus,Serie A
18,FW,Italy,Moise Kean,Juventus,Serie A
20,MF,Italy,Fabio Miretti,Juventus,Serie A
22,MF,United States,Timothy Weah,Juventus,Serie A
23,GK,Italy,Carlo Pinsoglio,Juventus,Serie A
24,DF,Italy,Daniele Rugani,Juventus,Serie A
25,MF,France,Adrien Rabiot,Juventus,Serie A
26,MF,Argentina,Carlos Alcaraz,Juventus,Serie A
27,DF,Italy,Andrea Cambiaso,Juventus,Serie A
33,DF,Portugal,Tiago Djaló,Juventus,Serie A
36,GK,Italy,Mattia Perin,Juventus,Serie A
41,MF,Italy,Hans Nicolussi Caviglia,Juventus,Serie A
38,GK,Italy,Giovanni Daffara,Juventus,Serie A
39,FW,Italy,Nikola Sekulov,Juventus,Serie A
40,FW,Italy,Tommaso Mancini,Juventus,Serie A
42,GK,Italy,Giovanni Garofani,Juventus,Serie A
44,DF,Bosnia and Herzegovina,Tarik Muharemović,Juventus,Serie A
45,FW,Italy,Leonardo Cerri,Juventus,Serie A
47,MF,Belgium,Joseph Nonge,Juventus,Serie A
49,GK,Italy,Simone Scaglia,Juventus,Serie A
50,MF,Italy,Luis Hasa,Juventus,Serie A
3,DF,Italy,Luca Pellegrini,Lazio,Serie A
4,DF,Spain,Patric,Lazio,Serie A
5,MF,Uruguay,Matías Vecino,Lazio,Serie A
6,MF,Japan,Daichi Kamada,Lazio,Serie A
7,MF,Brazil,Felipe Anderson,Lazio,Serie A
8,MF,France,Matteo Guendouzi,Lazio,Serie A
9,FW,Spain,Pedro,Lazio,Serie A
10,MF,Spain,Luis Alberto,Lazio,Serie A
13,DF,Italy,Alessio Romagnoli,Lazio,Serie A
15,DF,Italy,Nicolò Casale,Lazio,Serie A
17,FW,Italy,Ciro Immobile (captain),Lazio,Serie A
18,FW,Denmark,Gustav Isaksen,Lazio,Serie A
19,FW,Argentina,Taty Castellanos,Lazio,Serie A
20,MF,Italy,Mattia Zaccagni,Lazio,Serie A
22,FW,Paraguay,Diego González,Lazio,Serie A
23,DF,Albania,Elseid Hysaj,Lazio,Serie A
28,MF,Italy,André Anderson,Lazio,Serie A
29,MF,Italy,Manuel Lazzari,Lazio,Serie A
32,MF,Italy,Danilo Cataldi,Lazio,Serie A
33,GK,Italy,Luigi Sepe,Lazio,Serie A
34,DF,Spain,Mario Gila,Lazio,Serie A
35,GK,Greece,Christos Mandas,Lazio,Serie A
65,MF,Italy,Nicolò Rovella,Lazio,Serie A
77,DF,Montenegro,Adam Marušić,Lazio,Serie A
87,FW,Italy,Cristiano Lombardi,Lazio,Serie A
94,GK,Italy,Ivan Provedel,Lazio,Serie A
5,DF,Croatia,Marin Pongračić,Lecce,Serie A
6,DF,Italy,Federico Baschirotto (vice-captain),Lecce,Serie A
7,FW,Sweden,Pontus Almqvist,Lecce,Serie A
8,MF,Tunisia,Hamza Rafia,Lecce,Serie A
9,FW,Montenegro,Nikola Krstović,Lecce,Serie A
10,MF,France,Rémi Oudin,Lecce,Serie A
11,FW,Italy,Nicola Sansone,Lecce,Serie A
12,DF,Italy,Lorenzo Venuti,Lecce,Serie A
13,DF,Denmark,Patrick Dorgu,Lecce,Serie A
16,MF,Spain,Joan González,Lecce,Serie A
17,DF,France,Valentin Gendrey,Lecce,Serie A
18,MF,Albania,Medon Berisha,Lecce,Serie A
20,MF,Albania,Ylber Ramadani (3rd captain),Lecce,Serie A
21,GK,Italy,Federico Brancolini,Lecce,Serie A
22,FW,Zambia,Lameck Banda,Lecce,Serie A
24,FW,Denmark,Jeppe Corfitzen,Lecce,Serie A
25,DF,Italy,Antonino Gallo,Lecce,Serie A
29,MF,France,Alexis Blin (captain),Lecce,Serie A
30,GK,Italy,Wladimiro Falcone,Lecce,Serie A
40,GK,Finland,Jasper Samooja,Lecce,Serie A
45,FW,Romania,Rareș Burnete,Lecce,Serie A
50,FW,Argentina,Santiago Pierotti,Lecce,Serie A
55,DF,Albania,Kastriot Dermaku,Lecce,Serie A
59,DF,Algeria,Ahmed Touba,Lecce,Serie A
77,MF,France,Mohamed Kaba,Lecce,Serie A
83,MF,Czech Republic,Daniel Samek,Lecce,Serie A
91,FW,Italy,Roberto Piccoli,Lecce,Serie A
98,GK,Romania,Alexandru Borbei,Lecce,Serie A
2,DF,Italy,Davide Calabria (captain),Milan,Serie A
4,MF,Algeria,Ismaël Bennacer,Milan,Serie A
7,MF,France,Yacine Adli,Milan,Serie A
15,FW,Serbia,Luka Jović,Milan,Serie A
20,DF,France,Pierre Kalulu,Milan,Serie A
24,DF,Denmark,Simon Kjær,Milan,Serie A
28,DF,Germany,Malick Thiaw,Milan,Serie A
30,DF,Italy,Mattia Caldara,Milan,Serie A
32,MF,Italy,Tommaso Pobega,Milan,Serie A
38,DF,Italy,Filippo Terracciano,Milan,Serie A
42,DF,Italy,Alessandro Florenzi,Milan,Serie A
46,DF,Italy,Matteo Gabbia,Milan,Serie A
57,GK,Italy,Marco Sportiello,Milan,Serie A
69,GK,Italy,Lapo Nava,Milan,Serie A
80,MF,United States,Yunus Musah,Milan,Serie A
83,GK,Italy,Antonio Mirante,Milan,Serie A
—,DF,Romania,Andrei Coubiș,Milan,Serie A
—,FW,Sweden,Emil Roback,Milan,Serie A
2,DF,Italy,Giulio Donati,Monza,Serie A
4,DF,Italy,Armando Izzo,Monza,Serie A
5,DF,Italy,Luca Caldirola,Monza,Serie A
6,MF,Italy,Roberto Gagliardini,Monza,Serie A
7,MF,Equatorial Guinea,José Machín,Monza,Serie A
8,MF,Ivory Coast,Jean-Daniel Akpa Akpro,Monza,Serie A
9,FW,Italy,Lorenzo Colombo,Monza,Serie A
10,FW,Italy,Gianluca Caprari,Monza,Serie A
11,FW,Bosnia and Herzegovina,Milan Đurić,Monza,Serie A
13,DF,Portugal,Pedro Pereira,Monza,Serie A
16,GK,Italy,Michele Di Gregorio,Monza,Serie A
18,DF,Italy,Davide Bettella,Monza,Serie A
19,DF,Italy,Samuele Birindelli,Monza,Serie A
20,FW,Italy,Alessio Zerbin,Monza,Serie A
21,MF,Argentina,Valentín Carboni,Monza,Serie A
22,DF,Spain,Pablo Marí,Monza,Serie A
23,GK,Italy,Alessandro Sorrentino,Monza,Serie A
27,FW,Italy,Daniel Maldini,Monza,Serie A
28,MF,Italy,Andrea Colpani,Monza,Serie A
32,MF,Italy,Matteo Pessina (captain),Monza,Serie A
33,DF,Italy,Danilo D'Ambrosio,Monza,Serie A
38,MF,France,Warren Bondo,Monza,Serie A
44,DF,Italy,Andrea Carboni,Monza,Serie A
47,FW,Portugal,Dany Mota,Monza,Serie A
66,GK,Italy,Stefano Gori,Monza,Serie A
77,DF,Greece,Georgios Kyriakopoulos,Monza,Serie A
79,MF,Serbia,Matija Popović,Monza,Serie A
80,FW,Italy,Samuele Vignato,Monza,Serie A
84,FW,Italy,Patrick Ciurria,Monza,Serie A
17,MF,Argentina,Papu Gómez,Monza,Serie A
1,GK,Italy,Alex Meret,Napoli,Serie A
3,DF,Brazil,Natan,Napoli,Serie A
4,MF,Germany,Diego Demme,Napoli,Serie A
5,DF,Brazil,Juan Jesus,Napoli,Serie A
6,DF,Portugal,Mário Rui (vice-captain),Napoli,Serie A
8,MF,Ivory Coast,Hamed Junior Traorè,Napoli,Serie A
9,FW,Nigeria,Victor Osimhen,Napoli,Serie A
13,DF,Kosovo,Amir Rrahmani (3rd captain),Napoli,Serie A
14,GK,Italy,Nikita Contini,Napoli,Serie A
16,GK,Poland,Hubert Idasiak,Napoli,Serie A
17,DF,Uruguay,Mathías Olivera,Napoli,Serie A
18,FW,Argentina,Giovanni Simeone,Napoli,Serie A
20,MF,Poland,Piotr Zieliński,Napoli,Serie A
21,FW,Italy,Matteo Politano,Napoli,Serie A
22,DF,Italy,Giovanni Di Lorenzo (captain),Napoli,Serie A
24,MF,Sweden,Jens Cajuste,Napoli,Serie A
26,FW,Belgium,Cyril Ngonge,Napoli,Serie A
29,MF,Denmark,Jesper Lindstrøm,Napoli,Serie A
30,DF,Italy,Pasquale Mazzocchi,Napoli,Serie A
55,DF,Norway,Leo Østigård,Napoli,Serie A
95,GK,Italy,Pierluigi Gollini,Napoli,Serie A
99,MF,Cameroon,Frank Anguissa,Napoli,Serie A
38,FW,Italy,Lorenzo Russo,Napoli,Serie A
50,DF,Italy,Luigi D'Avino,Napoli,Serie A
60,MF,Italy,Francesco Gioielli,Napoli,Serie A
1,GK,Portugal,Rui Patrício,Roma,Serie A
2,DF,Netherlands,Rick Karsdorp,Roma,Serie A
3,DF,Spain,Dean Huijsen,Roma,Serie A
4,MF,Italy,Bryan Cristante (3rd captain),Roma,Serie A
5,DF,Ivory Coast,Evan Ndicka,Roma,Serie A
6,DF,England,Chris Smalling,Roma,Serie A
7,MF,Italy,Lorenzo Pellegrini (captain),Roma,Serie A
9,FW,England,Tammy Abraham,Roma,Serie A
14,DF,Spain,Diego Llorente,Roma,Serie A
16,MF,Argentina,Leandro Paredes,Roma,Serie A
17,FW,Iran,Sardar Azmoun,Roma,Serie A
19,DF,Turkey,Zeki Çelik,Roma,Serie A
20,MF,Portugal,Renato Sanches,Roma,Serie A
21,FW,Argentina,Paulo Dybala,Roma,Serie A
22,MF,Algeria,Houssem Aouar,Roma,Serie A
23,DF,Italy,Gianluca Mancini (vice-captain),Roma,Serie A
35,MF,Italy,Tommaso Baldanzi,Roma,Serie A
37,DF,Italy,Leonardo Spinazzola,Roma,Serie A
43,DF,Denmark,Rasmus Kristensen,Roma,Serie A
52,MF,Italy,Edoardo Bove,Roma,Serie A
59,MF,Poland,Nicola Zalewski,Roma,Serie A
63,GK,Italy,Pietro Boer,Roma,Serie A
69,DF,Spain,Angeliño,Roma,Serie A
90,FW,Belgium,Romelu Lukaku,Roma,Serie A
92,FW,Italy,Stephan El Shaarawy,Roma,Serie A
99,GK,Serbia,Mile Svilar,Roma,Serie A
60,MF,Italy,Riccardo Pagano,Roma,Serie A
61,MF,Italy,Niccolò Pisilli,Roma,Serie A
62,FW,Italy,Filippo Alessio,Roma,Serie A
64,FW,Italy,Luigi Cherubini,Roma,Serie A
65,MF,Estonia,Martin Vetkal,Roma,Serie A
66,MF,Italy,Mattia Mannini,Roma,Serie A
67,FW,Portugal,João Costa,Roma,Serie A
68,MF,Italy,Francesco D'Alessio,Roma,Serie A
70,DF,Italy,Matteo Plaia,Roma,Serie A
72,DF,Slovenia,Lovro Golič,Roma,Serie A
73,GK,Italy,Renato Marin,Roma,Serie A
74,DF,Spain,Jan Oliveras,Roma,Serie A
1,GK,Italy,Vincenzo Fiorillo,Salernitana,Serie A
3,DF,Croatia,Domagoj Bradarić,Salernitana,Serie A
4,DF,Greece,Triantafyllos Pasalidis,Salernitana,Serie A
5,DF,Germany,Jérôme Boateng,Salernitana,Serie A
6,DF,France,Junior Sambia,Salernitana,Serie A
7,MF,Argentina,Agustín Martegani,Salernitana,Serie A
9,FW,Nigeria,Simy,Salernitana,Serie A
10,FW,Senegal,Boulaye Dia,Salernitana,Serie A
11,MF,France,Iron Gomis,Salernitana,Serie A
13,GK,Mexico,Guillermo Ochoa,Salernitana,Serie A
14,FW,Israel,Shon Weissman,Salernitana,Serie A
17,DF,Argentina,Federico Fazio (captain),Salernitana,Serie A
18,MF,Mali,Lassana Coulibaly,Salernitana,Serie A
20,MF,Cyprus,Grigoris Kastanos,Salernitana,Serie A
22,FW,Nigeria,Chukwubuikem Ikwuemesi,Salernitana,Serie A
23,DF,Slovakia,Norbert Gyömbér (3rd captain),Salernitana,Serie A
24,DF,Argentina,Marco Pellegrino,Salernitana,Serie A
25,MF,Italy,Giulio Maggiore,Salernitana,Serie A
26,MF,Croatia,Toma Bašić,Salernitana,Serie A
27,DF,Italy,Niccolò Pierozzi,Salernitana,Serie A
33,FW,France,Loum Tchaouna,Salernitana,Serie A
36,MF,Romania,Andres Sfait,Salernitana,Serie A
44,DF,Greece,Konstantinos Manolas,Salernitana,Serie A
55,MF,Italy,Emanuel Vignato,Salernitana,Serie A
56,GK,France,Benoît Costil,Salernitana,Serie A
59,DF,Italy,Alessandro Zanoli,Salernitana,Serie A
62,GK,Italy,Pasquale Allocca,Salernitana,Serie A
87,MF,Italy,Antonio Candreva (vice-captain),Salernitana,Serie A
98,DF,Italy,Lorenzo Pirola,Salernitana,Serie A
99,MF,Poland,Mateusz Łęgowski,Salernitana,Serie A
—,FW,Brazil,Mikael,Salernitana,Serie A
2,DF,Italy,Filippo Missori,Sassuolo,Serie A
3,DF,Norway,Marcus Pedersen,Sassuolo,Serie A
5,DF,Croatia,Martin Erlić (4th captain),Sassuolo,Serie A
6,MF,Serbia,Uroš Račić,Sassuolo,Serie A
7,MF,Brazil,Matheus Henrique,Sassuolo,Serie A
8,FW,Italy,Samuele Mulattieri,Sassuolo,Serie A
9,FW,Italy,Andrea Pinamonti,Sassuolo,Serie A
10,FW,Italy,Domenico Berardi (vice-captain),Sassuolo,Serie A
11,MF,Albania,Nedim Bajrami,Sassuolo,Serie A
13,DF,Italy,Gian Marco Ferrari (captain),Sassuolo,Serie A
14,MF,Equatorial Guinea,Pedro Obiang,Sassuolo,Serie A
15,FW,Norway,Emil Konradsen Ceide,Sassuolo,Serie A
19,DF,Albania,Marash Kumbulla,Sassuolo,Serie A
20,FW,Spain,Samu Castillejo,Sassuolo,Serie A
21,DF,Italy,Mattia Viti,Sassuolo,Serie A
22,DF,Germany,Jeremy Toljan,Sassuolo,Serie A
23,FW,Italy,Cristian Volpato,Sassuolo,Serie A
24,MF,Italy,Daniel Boloca,Sassuolo,Serie A
25,GK,Italy,Gianluca Pegolo,Sassuolo,Serie A
28,GK,Italy,Alessio Cragno,Sassuolo,Serie A
35,MF,Italy,Luca Lipani,Sassuolo,Serie A
42,MF,Norway,Kristian Thorstvedt,Sassuolo,Serie A
43,DF,Scotland,Josh Doig,Sassuolo,Serie A
44,DF,Brazil,Ruan Tressoldi,Sassuolo,Serie A
45,FW,France,Armand Laurienté,Sassuolo,Serie A
47,GK,Italy,Andrea Consigli (3rd captain),Sassuolo,Serie A
92,FW,France,Grégoire Defrel,Sassuolo,Serie A
29,DF,Italy,Matteo Falasca,Sassuolo,Serie A
30,DF,Netherlands,Seb Loeffen,Sassuolo,Serie A
31,FW,Italy,Flavio Russo,Sassuolo,Serie A
32,MF,Italy,Kevin Leone,Sassuolo,Serie A
33,GK,Italy,Daniel Theiner,Sassuolo,Serie A
34,GK,Italy,Alessandro Scacchetti,Sassuolo,Serie A
36,MF,Italy,Justin Kumi,Sassuolo,Serie A
1,GK,Italy,Luca Gemello,Torino,Serie A
3,DF,Netherlands,Perr Schuurs,Torino,Serie A
4,DF,Italy,Alessandro Buongiorno,Torino,Serie A
5,MF,Morocco,Adam Masina,Torino,Serie A
6,DF,Italy,Matteo Lovato,Torino,Serie A
8,MF,Serbia,Ivan Ilić,Torino,Serie A
9,FW,Paraguay,Antonio Sanabria,Torino,Serie A
11,FW,Italy,Pietro Pellegri,Torino,Serie A
13,DF,Switzerland,Ricardo Rodriguez (captain),Torino,Serie A
15,DF,Georgia,Saba Sazonov,Torino,Serie A
16,MF,Croatia,Nikola Vlašić,Torino,Serie A
17,FW,Serbia,Uroš Kabić,Torino,Serie A
19,MF,Italy,Raoul Bellanova,Torino,Serie A
20,MF,Austria,Valentino Lazaro,Torino,Serie A
21,FW,Nigeria,David Okereke,Torino,Serie A
26,DF,Ivory Coast,Koffi Djidji,Torino,Serie A
27,MF,Kosovo,Mërgim Vojvoda,Torino,Serie A
28,MF,Italy,Samuele Ricci,Torino,Serie A
32,GK,Serbia,Vanja Milinković-Savić (vice-captain),Torino,Serie A
61,MF,France,Adrien Tamèze,Torino,Serie A
65,GK,Italy,Pietro Passador,Torino,Serie A
66,MF,Lithuania,Gvidas Gineitis,Torino,Serie A
71,GK,Romania,Mihai Popa,Torino,Serie A
77,MF,Poland,Karol Linetty,Torino,Serie A
91,FW,Colombia,Duván Zapata,Torino,Serie A
—,GK,Italy,Simone Servalli,Torino,Serie A
—,DF,Congo,Brian Bayeye,Torino,Serie A
—,DF,France,Ali Dembélé,Torino,Serie A
—,DF,Albania,Kevin Haveri,Torino,Serie A
—,DF,France,Ange Caumenan N'Guessan,Torino,Serie A
—,MF,Hungary,Krisztofer Horváth,Torino,Serie A
—,MF,Turkey,Emirhan İlkhan,Torino,Serie A
—,MF,Ivory Coast,Ben Lhassine Kone,Torino,Serie A
—,MF,France,Daouda Weidmann,Torino,Serie A
—,FW,Moldova,Lado Akhalaia,Torino,Serie A
—,FW,France,Yann Karamoh,Torino,Serie A
—,FW,Serbia,Nemanja Radonjić,Torino,Serie A
—,FW,Italy,Nicola Rauti,Torino,Serie A
—,FW,Senegal,Demba Seck,Torino,Serie A
22,GK,Italy,Matteo Brezzo,Torino,Serie A
25,DF,Italy,Alessandro Dellavalle,Torino,Serie A
29,FW,Sweden,Alieu Njie,Torino,Serie A
30,MF,Brazil,Jonathan Silva,Torino,Serie A
47,DF,France,Vimoj Muntu Wa Mungu,Torino,Serie A
56,DF,Italy,Fabio Desole,Torino,Serie A
79,FW,Cyprus,Zanos Savva,Torino,Serie A
80,DF,France,Côme Bianay Balcot,Torino,Serie A
81,MF,Italy,Aaron Ciammaglichella,Torino,Serie A
84,DF,Italy,Jacopo Antolini,Torino,Serie A
1,GK,Italy,Marco Silvestri,Udinese,Serie A
2,DF,Ireland,Festy Ebosele,Udinese,Serie A
4,MF,Slovenia,Sandi Lovrić,Udinese,Serie A
6,MF,Spain,Oier Zarraga,Udinese,Serie A
7,FW,Nigeria,Isaac Success,Udinese,Serie A
9,FW,England,Keinan Davis,Udinese,Serie A
10,FW,Spain,Gerard Deulofeu,Udinese,Serie A
11,MF,Brazil,Walace,Udinese,Serie A
12,DF,Ivory Coast,Hassane Kamara,Udinese,Serie A
13,DF,Portugal,João Ferreira,Udinese,Serie A
14,DF,Ireland,James Abankwah,Udinese,Serie A
16,DF,Croatia,Antonio Tikvić,Udinese,Serie A
17,FW,Italy,Lorenzo Lucca,Udinese,Serie A
18,DF,Argentina,Nehuén Pérez,Udinese,Serie A
19,DF,Nigeria,Kingsley Ehizibue,Udinese,Serie A
22,FW,Brazil,Brenner,Udinese,Serie A
23,DF,Cameroon,Enzo Ebosse,Udinese,Serie A
24,MF,Serbia,Lazar Samardžić,Udinese,Serie A
26,FW,France,Florian Thauvin,Udinese,Serie A
27,DF,Belgium,Christian Kabasele,Udinese,Serie A
29,DF,Slovenia,Jaka Bijol,Udinese,Serie A
30,DF,Argentina,Lautaro Giannetti,Udinese,Serie A
31,DF,Denmark,Thomas Kristensen,Udinese,Serie A
32,MF,Argentina,Martín Payero,Udinese,Serie A
33,DF,Zimbabwe,Jordan Zemura,Udinese,Serie A
37,MF,Argentina,Roberto Pereyra (captain),Udinese,Serie A
40,GK,Nigeria,Maduka Okoye,Udinese,Serie A
79,MF,Slovenia,David Pejičić,Udinese,Serie A
93,GK,Italy,Daniele Padelli,Udinese,Serie A
70,GK,Italy,Federico Mosca,Udinese,Serie A
71,MF,Slovenia,Bor Žunec,Udinese,Serie A
72,GK,Italy,Joel Malusà,Udinese,Serie A
73,DF,Germany,Matteo Palma,Udinese,Serie A
77,FW,Ghana,Raymond Asante,Udinese,Serie A
83,DF,Italy,Samuel John Nwachukwu,Udinese,Serie A
1,GK,Portugal,João Valido,Arouca,Primeira Liga
2,MF,Guinea,Morlaye Sylla,Arouca,Primeira Liga
3,DF,Brazil,Robson Bambu,Arouca,Primeira Liga
4,DF,Spain,Javi Montero,Arouca,Primeira Liga
5,MF,Portugal,David Simão (captain),Arouca,Primeira Liga
6,DF,Brazil,Quaresma,Arouca,Primeira Liga
7,FW,Nigeria,Yusuf Lawal,Arouca,Primeira Liga
8,MF,Ivory Coast,Eboue Kouassi,Arouca,Primeira Liga
9,FW,Uruguay,Alfonso Trezza,Arouca,Primeira Liga
10,FW,Spain,Jason,Arouca,Primeira Liga
11,FW,Spain,Miguel Puche,Arouca,Primeira Liga
12,GK,Uruguay,Ignacio de Arruabarrena,Arouca,Primeira Liga
13,DF,Uruguay,Matías Rocha,Arouca,Primeira Liga
14,MF,Spain,Uri Busquets,Arouca,Primeira Liga
15,FW,Belarus,Vladislav Morozov,Arouca,Primeira Liga
16,GK,Brazil,Thiago Silva,Arouca,Primeira Liga
17,MF,Ghana,Yaw Moses,Arouca,Primeira Liga
19,FW,Spain,Rafa Mújica,Arouca,Primeira Liga
20,MF,Portugal,Pedro Moreira,Arouca,Primeira Liga
22,DF,Ukraine,Bohdan Milovanov,Arouca,Primeira Liga
23,FW,Spain,Cristo,Arouca,Primeira Liga
25,DF,Algeria,Yanis Hamache,Arouca,Primeira Liga
26,DF,Brazil,Weverson,Arouca,Primeira Liga
28,DF,Portugal,Tiago Esgaio,Arouca,Primeira Liga
43,MF,Brazil,Vitinho,Arouca,Primeira Liga
44,DF,Croatia,Nino Galović,Arouca,Primeira Liga
89,MF,Portugal,Pedro Santos,Arouca,Primeira Liga
1,GK,Ukraine,Anatoliy Trubin,Benfica,Primeira Liga
3,DF,Spain,Álvaro Carreras,Benfica,Primeira Liga
4,DF,Portugal,António Silva,Benfica,Primeira Liga
5,DF,Brazil,Morato,Benfica,Primeira Liga
6,DF,Denmark,Alexander Bah,Benfica,Primeira Liga
7,MF,Brazil,David Neres,Benfica,Primeira Liga
8,MF,Norway,Fredrik Aursnes,Benfica,Primeira Liga
9,FW,Brazil,Arthur Cabral,Benfica,Primeira Liga
10,MF,Turkey,Orkun Kökçü,Benfica,Primeira Liga
11,FW,Argentina,Ángel Di María,Benfica,Primeira Liga
14,DF,Spain,Juan Bernat,Benfica,Primeira Liga
19,FW,Denmark,Casper Tengstedt,Benfica,Primeira Liga
20,MF,Portugal,João Mário (vice-captain),Benfica,Primeira Liga
24,GK,Portugal,Samuel Soares,Benfica,Primeira Liga
25,FW,Argentina,Gianluca Prestianni,Benfica,Primeira Liga
27,FW,Portugal,Rafa Silva,Benfica,Primeira Liga
30,DF,Argentina,Nicolás Otamendi (captain),Benfica,Primeira Liga
32,FW,Argentina,Benjamín Rollheiser,Benfica,Primeira Liga
36,FW,Brazil,Marcos Leonardo,Benfica,Primeira Liga
44,DF,Portugal,Tomás Araújo,Benfica,Primeira Liga
45,GK,Japan,Leo Kokubo,Benfica,Primeira Liga
47,MF,Portugal,Tiago Gouveia,Benfica,Primeira Liga
61,MF,Portugal,Florentino Luís,Benfica,Primeira Liga
75,GK,Portugal,André Gomes,Benfica,Primeira Liga
87,MF,Portugal,João Neves,Benfica,Primeira Liga
1,GK,Brazil,César,Boavista,Primeira Liga
5,DF,Nigeria,Chidozie Awaziem,Boavista,Primeira Liga
6,MF,Guinea,Ibrahima Camará,Boavista,Primeira Liga
7,FW,Portugal,Salvador Agra,Boavista,Primeira Liga
8,FW,Portugal,Bruno Lourenço,Boavista,Primeira Liga
9,FW,Slovakia,Róbert Boženík,Boavista,Primeira Liga
10,MF,Portugal,Miguel Reisinho,Boavista,Primeira Liga
11,FW,Portugal,Luís Santos,Boavista,Primeira Liga
12,GK,Brazil,Luís Pires,Boavista,Primeira Liga
13,FW,Japan,Masaki Watai,Boavista,Primeira Liga
16,MF,Portugal,Joel Silva,Boavista,Primeira Liga
18,MF,Montenegro,Ilija Vukotić,Boavista,Primeira Liga
20,DF,Portugal,Filipe Ferreira,Boavista,Primeira Liga
23,DF,France,Vincent Sasso,Boavista,Primeira Liga
24,MF,Colombia,Sebastián Pérez (captain),Boavista,Primeira Liga
26,DF,Uruguay,Rodrigo Abascal,Boavista,Primeira Liga
27,FW,Venezuela,Jeriel De Santis,Boavista,Primeira Liga
35,DF,Portugal,Gonçalo Almeida,Boavista,Primeira Liga
42,MF,Congo,Gaius Makouta,Boavista,Primeira Liga
55,DF,Guinea-Bissau,Augusto Dabó,Boavista,Primeira Liga
59,FW,Portugal,Martim Tavares,Boavista,Primeira Liga
70,DF,Nigeria,Bruno Onyemaechi,Boavista,Primeira Liga
76,GK,Portugal,Tomé Sousa,Boavista,Primeira Liga
79,DF,Portugal,Pedro Malheiro,Boavista,Primeira Liga
80,MF,Portugal,Berna,Boavista,Primeira Liga
88,MF,Portugal,Marco Ribeiro,Boavista,Primeira Liga
90,FW,Portugal,Tiago Machado,Boavista,Primeira Liga
99,GK,Portugal,João Gonçalves,Boavista,Primeira Liga
1,GK,Brazil,Matheus,Braga,Primeira Liga
2,DF,Spain,Víctor Gómez,Braga,Primeira Liga
4,DF,Mali,Sikou Niakaté,Braga,Primeira Liga
5,DF,Turkey,Serdar Saatçı,Braga,Primeira Liga
6,DF,Portugal,José Fonte (vice-captain),Braga,Primeira Liga
7,FW,Portugal,Bruma,Braga,Primeira Liga
9,FW,Spain,Abel Ruiz,Braga,Primeira Liga
10,MF,Italy,Cher Ndour,Braga,Primeira Liga
11,FW,Guinea-Bissau,Roger Fernandes,Braga,Primeira Liga
12,GK,Portugal,Tiago Sá,Braga,Primeira Liga
14,FW,Spain,Álvaro Djaló,Braga,Primeira Liga
15,DF,Portugal,Paulo Oliveira,Braga,Primeira Liga
16,MF,Uruguay,Rodrigo Zalazar,Braga,Primeira Liga
17,DF,Sweden,Joe Mendes,Braga,Primeira Liga
18,MF,Brazil,Vitor Carvalho,Braga,Primeira Liga
19,DF,Spain,Adrián Marín,Braga,Primeira Liga
20,FW,Portugal,Rony Lopes,Braga,Primeira Liga
21,FW,Portugal,Ricardo Horta (captain),Braga,Primeira Liga
22,MF,Portugal,Pizzi,Braga,Primeira Liga
23,FW,Congo,Simon Banza,Braga,Primeira Liga
26,DF,Colombia,Cristian Borja,Braga,Primeira Liga
28,MF,Portugal,João Moutinho,Braga,Primeira Liga
31,GK,Brazil,Bernardo,Braga,Primeira Liga
90,MF,Senegal,Djibril Soumaré,Braga,Primeira Liga
91,GK,Czech Republic,Lukáš Horníček,Braga,Primeira Liga
1,GK,POR,Afonso Monteiro,Casa Pia AC,Primeira Liga
2,DF,CMR,Duplexe Tchamba,Casa Pia AC,Primeira Liga
3,DF,POR,João Nunes,Casa Pia AC,Primeira Liga
5,DF,POR,Leonardo Lelo,Casa Pia AC,Primeira Liga
7,FW,POR,Nuno Moreira,Casa Pia AC,Primeira Liga
8,MF,BRA,Ângelo Neto,Casa Pia AC,Primeira Liga
9,FW,POR,André Lacximicant,Casa Pia AC,Primeira Liga
10,FW,POR,Rúben Lameiras,Casa Pia AC,Primeira Liga
11,FW,JPN,Yuki Soma,Casa Pia AC,Primeira Liga
12,DF,FRA,Fahem Benaïssa-Yahia,Casa Pia AC,Primeira Liga
14,MF,NOR,Kevin Krygård,Casa Pia AC,Primeira Liga
15,DF,CPV,Fernando Varela,Casa Pia AC,Primeira Liga
16,MF,ANG,Beni Mukendi,Casa Pia AC,Primeira Liga
17,MF,POR,Rafael Brito,Casa Pia AC,Primeira Liga
18,DF,POR,André Geraldes,Casa Pia AC,Primeira Liga
19,DF,BIH,Nermin Zolotić,Casa Pia AC,Primeira Liga
20,FW,POR,Kiki Silva,Casa Pia AC,Primeira Liga
21,MF,VEN,Telasco Segovia,Casa Pia AC,Primeira Liga
22,GK,POR,Daniel Azevedo,Casa Pia AC,Primeira Liga
23,FW,BRA,Fernando Andrade,Casa Pia AC,Primeira Liga
30,FW,BRA,Felippe Cardoso,Casa Pia AC,Primeira Liga
33,GK,POR,Ricardo Batista,Casa Pia AC,Primeira Liga
68,GK,BRA,Lucas Paes,Casa Pia AC,Primeira Liga
72,DF,ESP,Gaizka Larrazabal,Casa Pia AC,Primeira Liga
77,DF,POR,Tiago Dias,Casa Pia AC,Primeira Liga
80,MF,BRA,Pablo Roberto,Casa Pia AC,Primeira Liga
96,MF,POR,Samuel Justo,Casa Pia AC,Primeira Liga
1,GK,POR,Afonso Monteiro,Casa Pia AC,Primeira Liga
2,DF,CMR,Duplexe Tchamba,Casa Pia AC,Primeira Liga
3,DF,POR,João Nunes,Casa Pia AC,Primeira Liga
5,DF,POR,Leonardo Lelo,Casa Pia AC,Primeira Liga
7,FW,POR,Nuno Moreira,Casa Pia AC,Primeira Liga
8,MF,BRA,Ângelo Neto,Casa Pia AC,Primeira Liga
9,FW,POR,André Lacximicant,Casa Pia AC,Primeira Liga
10,FW,POR,Rúben Lameiras,Casa Pia AC,Primeira Liga
11,FW,JPN,Yuki Soma,Casa Pia AC,Primeira Liga
12,DF,FRA,Fahem Benaïssa-Yahia,Casa Pia AC,Primeira Liga
14,MF,NOR,Kevin Krygård,Casa Pia AC,Primeira Liga
15,DF,CPV,Fernando Varela,Casa Pia AC,Primeira Liga
16,MF,ANG,Beni Mukendi,Casa Pia AC,Primeira Liga
17,MF,POR,Rafael Brito,Casa Pia AC,Primeira Liga
18,DF,POR,André Geraldes,Casa Pia AC,Primeira Liga
19,DF,BIH,Nermin Zolotić,Casa Pia AC,Primeira Liga
20,FW,POR,Kiki Silva,Casa Pia AC,Primeira Liga
21,MF,VEN,Telasco Segovia,Casa Pia AC,Primeira Liga
22,GK,POR,Daniel Azevedo,Casa Pia AC,Primeira Liga
23,FW,BRA,Fernando Andrade,Casa Pia AC,Primeira Liga
30,FW,BRA,Felippe Cardoso,Casa Pia AC,Primeira Liga
33,GK,POR,Ricardo Batista,Casa Pia AC,Primeira Liga
68,GK,BRA,Lucas Paes,Casa Pia AC,Primeira Liga
72,DF,ESP,Gaizka Larrazabal,Casa Pia AC,Primeira Liga
77,DF,POR,Tiago Dias,Casa Pia AC,Primeira Liga
80,MF,BRA,Pablo Roberto,Casa Pia AC,Primeira Liga
96,MF,POR,Samuel Justo,Casa Pia AC,Primeira Liga
1,GK,BRA,Hugo Souza,Chaves,Primeira Liga
2,DF,CIV,Habib Sylla,Chaves,Primeira Liga
3,DF,BRA,Ygor Nogueira,Chaves,Primeira Liga
4,DF,POR,Bruno Rodrigues,Chaves,Primeira Liga
6,MF,RSA,Cafú Phete,Chaves,Primeira Liga
7,MF,POR,Benny,Chaves,Primeira Liga
9,FW,BRA,Paulo Victor,Chaves,Primeira Liga
10,FW,GNB,Leandro Sanca,Chaves,Primeira Liga
13,DF,POR,Vasco Fernandes,Chaves,Primeira Liga
14,MF,POR,Dário Essugo,Chaves,Primeira Liga
18,MF,POR,Pedro Pinho,Chaves,Primeira Liga
19,DF,CAN,Steven Vitória,Chaves,Primeira Liga
20,MF,POR,Rúben Ribeiro,Chaves,Primeira Liga
21,MF,MOZ,Guima,Chaves,Primeira Liga
23,FW,ESP,Héctor Hernández,Chaves,Primeira Liga
27,DF,POR,Carraça,Chaves,Primeira Liga
28,MF,NGA,Kelechi Nwakali,Chaves,Primeira Liga
30,GK,POR,Gonçalo Pinto,Chaves,Primeira Liga
31,GK,BRA,Rodrigo Moura,Chaves,Primeira Liga
33,DF,POR,Sandro Cruz,Chaves,Primeira Liga
40,DF,NGA,Junior Pius,Chaves,Primeira Liga
70,MF,POR,Hélder Morim,Chaves,Primeira Liga
77,DF,CPV,João Correia,Chaves,Primeira Liga
80,MF,POR,Raphael Guzzo,Chaves,Primeira Liga
87,FW,POR,Rodrigo Melro,Chaves,Primeira Liga
99,FW,BRA,Jô,Chaves,Primeira Liga
1,GK,BRA,Hugo Souza,Chaves,Primeira Liga
2,DF,CIV,Habib Sylla,Chaves,Primeira Liga
3,DF,BRA,Ygor Nogueira,Chaves,Primeira Liga
4,DF,POR,Bruno Rodrigues,Chaves,Primeira Liga
6,MF,RSA,Cafú Phete,Chaves,Primeira Liga
7,MF,POR,Benny,Chaves,Primeira Liga
9,FW,BRA,Paulo Victor,Chaves,Primeira Liga
10,FW,GNB,Leandro Sanca,Chaves,Primeira Liga
13,DF,POR,Vasco Fernandes,Chaves,Primeira Liga
14,MF,POR,Dário Essugo,Chaves,Primeira Liga
18,MF,POR,Pedro Pinho,Chaves,Primeira Liga
19,DF,CAN,Steven Vitória,Chaves,Primeira Liga
20,MF,POR,Rúben Ribeiro,Chaves,Primeira Liga
21,MF,MOZ,Guima,Chaves,Primeira Liga
23,FW,ESP,Héctor Hernández,Chaves,Primeira Liga
27,DF,POR,Carraça,Chaves,Primeira Liga
28,MF,NGA,Kelechi Nwakali,Chaves,Primeira Liga
30,GK,POR,Gonçalo Pinto,Chaves,Primeira Liga
31,GK,BRA,Rodrigo Moura,Chaves,Primeira Liga
33,DF,POR,Sandro Cruz,Chaves,Primeira Liga
40,DF,NGA,Junior Pius,Chaves,Primeira Liga
70,MF,POR,Hélder Morim,Chaves,Primeira Liga
77,DF,CPV,João Correia,Chaves,Primeira Liga
80,MF,POR,Raphael Guzzo,Chaves,Primeira Liga
87,FW,POR,Rodrigo Melro,Chaves,Primeira Liga
99,FW,BRA,Jô,Chaves,Primeira Liga
2,DF,ESP,Raúl Parra,Estoril Praia,Primeira Liga
3,DF,POR,Bernardo Vital,Estoril Praia,Primeira Liga
5,DF,BRA,Volnei Feltes,Estoril Praia,Primeira Liga
6,DF,DEN,Frederik Winther,Estoril Praia,Primeira Liga
7,MF,BRA,Vinicius Zanocelo,Estoril Praia,Primeira Liga
8,MF,SCO,Jordan Holsgrove,Estoril Praia,Primeira Liga
9,FW,VEN,Alejandro Marqués,Estoril Praia,Primeira Liga
10,MF,ALG,Rafik Guitane,Estoril Praia,Primeira Liga
11,FW,BRA,Cassiano,Estoril Praia,Primeira Liga
13,DF,BRA,João Basso,Estoril Praia,Primeira Liga
17,DF,FRA,Harouna Sy,Estoril Praia,Primeira Liga
18,DF,URU,Erick Cabaco,Estoril Praia,Primeira Liga
20,FW,BRA,João Carlos,Estoril Praia,Primeira Liga
21,FW,POR,Rodrigo Gomes,Estoril Praia,Primeira Liga
22,DF,FRA,Eliaquim Mangala,Estoril Praia,Primeira Liga
23,DF,POR,Pedro Álvaro,Estoril Praia,Primeira Liga
24,MF,NED,Finn Dicke,Estoril Praia,Primeira Liga
29,FW,SRB,Nemanja Jović,Estoril Praia,Primeira Liga
31,GK,BRA,Marcelo Carné,Estoril Praia,Primeira Liga
33,MF,POR,João Marques,Estoril Praia,Primeira Liga
48,MF,BRA,Michel,Estoril Praia,Primeira Liga
64,MF,SEN,Mor Ndiaye,Estoril Praia,Primeira Liga
67,DF,STP,Ricardo Fernandes,Estoril Praia,Primeira Liga
78,FW,POR,Tiago Araújo,Estoril Praia,Primeira Liga
79,DF,CPV,Wagner Pina,Estoril Praia,Primeira Liga
81,GK,POR,Diogo Dias,Estoril Praia,Primeira Liga
82,MF,POR,Mateus Fernandes,Estoril Praia,Primeira Liga
87,DF,CPV,Fran Pereira,Estoril Praia,Primeira Liga
91,FW,POR,Heriberto Tavares,Estoril Praia,Primeira Liga
99,GK,POR,Dani Figueira,Estoril Praia,Primeira Liga
1,GK,POR,António Filipe,Estrela da Amadora,Primeira Liga
2,DF,KEN,Omurwa,Estrela da Amadora,Primeira Liga
3,DF,POR,Diogo Fonseca,Estrela da Amadora,Primeira Liga
4,DF,ANG,Kialonda Gaspar,Estrela da Amadora,Primeira Liga
5,DF,POR,Pedro Mendes,Estrela da Amadora,Primeira Liga
6,MF,BRA,Aloísio,Estrela da Amadora,Primeira Liga
7,FW,BFA,Régis N'do,Estrela da Amadora,Primeira Liga
8,FW,BRA,Léo Jabá,Estrela da Amadora,Primeira Liga
9,FW,POR,Ronaldo Tavares,Estrela da Amadora,Primeira Liga
10,FW,BRA,André Luiz,Estrela da Amadora,Primeira Liga
11,FW,BRA,Gustavo Henrique,Estrela da Amadora,Primeira Liga
12,DF,BRA,Jean Felipe,Estrela da Amadora,Primeira Liga
13,DF,POR,Miguel Lopes,Estrela da Amadora,Primeira Liga
17,MF,POR,João Reis,Estrela da Amadora,Primeira Liga
20,FW,BRA,Rodrigo Pinho,Estrela da Amadora,Primeira Liga
21,MF,POR,Pedro Sá,Estrela da Amadora,Primeira Liga
22,MF,BRA,Léo Cordeiro,Estrela da Amadora,Primeira Liga
23,MF,ANG,Manuel Keliano,Estrela da Amadora,Primeira Liga
25,DF,RSA,Shinga,Estrela da Amadora,Primeira Liga
26,MF,ARG,Leonel Bucca,Estrela da Amadora,Primeira Liga
27,DF,BRA,Hevertton Santos,Estrela da Amadora,Primeira Liga
28,DF,POR,Rúben Lima,Estrela da Amadora,Primeira Liga
29,FW,POR,Kikas,Estrela da Amadora,Primeira Liga
30,GK,BRA,Bruno Brígido,Estrela da Amadora,Primeira Liga
67,FW,IRL,Cristiano Fitzgerald,Estrela da Amadora,Primeira Liga
70,DF,BRA,Mansur,Estrela da Amadora,Primeira Liga
71,DF,BRA,Lucas Rafael,Estrela da Amadora,Primeira Liga
75,FW,POR,Nilton Varela,Estrela da Amadora,Primeira Liga
80,MF,ENG,Tashan Oakley-Boothe,Estrela da Amadora,Primeira Liga
95,MF,BRA,Mateus Bernardo,Estrela da Amadora,Primeira Liga
98,GK,BRA,Dida,Estrela da Amadora,Primeira Liga
1,GK,RUS,Ivan Zlobin,Famalicão,Primeira Liga
4,DF,ALB,Enea Mihaj,Famalicão,Primeira Liga
7,FW,PAN,Puma Rodríguez,Famalicão,Primeira Liga
8,MF,SRB,Mirko Topić,Famalicão,Primeira Liga
9,FW,POR,Henrique Araújo,Famalicão,Primeira Liga
11,FW,ESP,Óscar Aranda,Famalicão,Primeira Liga
12,MF,BRA,Gustavo Assunção,Famalicão,Primeira Liga
15,DF,BRA,Riccieli,Famalicão,Primeira Liga
16,DF,NED,Justin de Haas,Famalicão,Primeira Liga
18,MF,FIN,Otso Liimatta,Famalicão,Primeira Liga
20,MF,POR,Gustavo Sá,Famalicão,Primeira Liga
23,FW,ROU,Alex Dobre,Famalicão,Primeira Liga
28,MF,FRA,Zaydou Youssouf,Famalicão,Primeira Liga
29,FW,VEN,Jhonder Cádiz,Famalicão,Primeira Liga
31,GK,BRA,Luiz Júnior,Famalicão,Primeira Liga
32,DF,ESP,Martín Aguirregabiria,Famalicão,Primeira Liga
36,DF,BRA,Ian Custódio,Famalicão,Primeira Liga
51,GK,BRA,Zé Henrique,Famalicão,Primeira Liga
70,MF,POR,Martim Almeida,Famalicão,Primeira Liga
74,DF,POR,Francisco Moura,Famalicão,Primeira Liga
90,GK,POR,Hugo Cunha,Famalicão,Primeira Liga
95,FW,POR,Théo Fonseca,Famalicão,Primeira Liga
1,GK,BRA,Luiz Felipe,Farense,Primeira Liga
2,DF,ESP,Fran Delgado,Farense,Primeira Liga
3,DF,BRA,Igor Rossi,Farense,Primeira Liga
4,DF,POR,Artur Jorge,Farense,Primeira Liga
5,MF,ARG,Facundo Cáseres,Farense,Primeira Liga
6,DF,MLT,Zach Muscat,Farense,Primeira Liga
7,FW,POR,Elves Baldé,Farense,Primeira Liga
8,MF,POR,Rafael Barbosa,Farense,Primeira Liga
9,FW,BRA,Bruno Duarte,Farense,Primeira Liga
10,MF,COL,Jhon Velásquez,Farense,Primeira Liga
12,DF,BRA,Talys,Farense,Primeira Liga
14,MF,BRA,Fabrício Isidoro,Farense,Primeira Liga
19,FW,POR,Rui Costa,Farense,Primeira Liga
20,FW,POR,Cristian Ponde,Farense,Primeira Liga
22,GK,POR,Miguel Carvalho,Farense,Primeira Liga
27,MF,BRA,Mattheus Oliveira,Farense,Primeira Liga
29,MF,BRA,Claudio Falcão,Farense,Primeira Liga
31,DF,POR,Talocha,Farense,Primeira Liga
33,GK,POR,Ricardo Velho,Farense,Primeira Liga
37,DF,POR,Gonçalo Silva,Farense,Primeira Liga
47,GK,BRA,Kauan,Farense,Primeira Liga
50,MF,POR,André Seruca,Farense,Primeira Liga
62,FW,ALG,Mohamed Belloumi,Farense,Primeira Liga
77,FW,POR,Marco Matias,Farense,Primeira Liga
80,MF,POR,Vítor Gonçalves,Farense,Primeira Liga
91,FW,CPV,Zé Luís,Farense,Primeira Liga
2,DF,POR,Zé Carlos,Gil Vicente,Primeira Liga
6,MF,PER,Jesús Castillo,Gil Vicente,Primeira Liga
8,MF,SUI,Maxime Dominguez,Gil Vicente,Primeira Liga
9,FW,IRN,Ali Alipour,Gil Vicente,Primeira Liga
10,MF,JPN,Kanya Fujimoto,Gil Vicente,Primeira Liga
12,GK,POR,Brian Araújo,Gil Vicente,Primeira Liga
13,DF,BRA,Gabriel Pereira,Gil Vicente,Primeira Liga
25,MF,POR,Pedro Tiba,Gil Vicente,Primeira Liga
26,DF,POR,Rúben Fernandes,Gil Vicente,Primeira Liga
33,GK,RUS,Stanislav Kritsyuk,Gil Vicente,Primeira Liga
39,DF,ANG,Jonathan Buatu,Gil Vicente,Primeira Liga
42,GK,BRA,Andrew,Gil Vicente,Primeira Liga
67,DF,POR,Alex Pinto,Gil Vicente,Primeira Liga
77,FW,BRA,Murilo Costa,Gil Vicente,Primeira Liga
88,DF,BRA,Kazu,Gil Vicente,Primeira Liga
2,DF,BRA,Fabiano,Moreirense,Primeira Liga
3,DF,BRA,Carlos Henrique,Moreirense,Primeira Liga
6,MF,POR,Ismael,Moreirense,Primeira Liga
7,FW,BRA,Matheus Aiás,Moreirense,Primeira Liga
8,MF,POR,André Castro,Moreirense,Primeira Liga
9,FW,EQG,Luís Asué,Moreirense,Primeira Liga
10,MF,POR,Pedro Aparício,Moreirense,Primeira Liga
11,MF,BRA,Alan,Moreirense,Primeira Liga
12,GK,POR,Mika,Moreirense,Primeira Liga
13,DF,SEN,Alhassane Sylla,Moreirense,Primeira Liga
14,DF,CPV,Carlos Ponck,Moreirense,Primeira Liga
17,FW,CUW,Jeremy Antonisse,Moreirense,Primeira Liga
18,DF,POR,Pedro Amador,Moreirense,Primeira Liga
19,FW,POR,João Camacho,Moreirense,Primeira Liga
21,FW,RSA,Kobamelo Kodisang,Moreirense,Primeira Liga
22,GK,BRA,Caio Secco,Moreirense,Primeira Liga
23,DF,NED,Godfried Frimpong,Moreirense,Primeira Liga
26,DF,BRA,Maracás,Moreirense,Primeira Liga
28,FW,GNB,Hernâni,Moreirense,Primeira Liga
31,FW,BRA,Madson,Moreirense,Primeira Liga
32,FW,BRA,Vinícius Mingotti,Moreirense,Primeira Liga
40,GK,BRA,Kewin,Moreirense,Primeira Liga
44,DF,BRA,Marcelo,Moreirense,Primeira Liga
45,MF,POR,Miguel Rebelo,Moreirense,Primeira Liga
66,DF,POR,Gilberto Batista,Moreirense,Primeira Liga
76,DF,POR,Dinis Pinto,Moreirense,Primeira Liga
80,MF,GHA,Lawrence Ofori,Moreirense,Primeira Liga
88,MF,POR,Gonçalo Franco,Moreirense,Primeira Liga
90,FW,POR,Rodrigo Macedo,Moreirense,Primeira Liga
5,MF,CMR,Stève Mvoué,Portimonense,Primeira Liga
6,MF,POR,Ricardo Sousa,Portimonense,Primeira Liga
9,FW,POR,Tamble Monteiro,Portimonense,Primeira Liga
10,FW,CPV,Hildeberto Pereira,Portimonense,Primeira Liga
11,MF,BRA,Carlinhos,Portimonense,Primeira Liga
13,MF,BRA,Dener,Portimonense,Primeira Liga
14,DF,SEN,Moustapha Seck,Portimonense,Primeira Liga
17,MF,BRA,Davis Silva,Portimonense,Primeira Liga
18,DF,POR,Gonçalo Costa,Portimonense,Primeira Liga
19,FW,ECU,Ronie Carrillo,Portimonense,Primeira Liga
20,MF,POR,Paulo Estrela,Portimonense,Primeira Liga
22,DF,POR,Filipe Relvas,Portimonense,Primeira Liga
23,DF,KOR,Lee Ye-chan,Portimonense,Primeira Liga
27,DF,POR,Guga,Portimonense,Primeira Liga
30,FW,KOR,Kim Yong-hak,Portimonense,Primeira Liga
33,DF,BRA,Igor Formiga,Portimonense,Primeira Liga
43,DF,BRA,Alemão,Portimonense,Primeira Liga
44,DF,BRA,Pedrão,Portimonense,Primeira Liga
70,FW,POR,Rodrigo Martins,Portimonense,Primeira Liga
76,DF,POR,Rafael Alcobia,Portimonense,Primeira Liga
77,FW,CPV,Hélio Varela,Portimonense,Primeira Liga
85,FW,GNB,Midana Cassamá,Portimonense,Primeira Liga
35,FW,JPN,Shuhei Kawasaki,Portimonense,Primeira Liga

```
The Portimonense squad in CSV format, excluding players out on loan, is as follows:

No.,Pos.,Nation,Player,Club,Division
5,MF,CMR,Stève Mvoué,Portimonense,Primeira Liga
6,MF,POR,Ricardo Sousa,Portimonense,Primeira Liga
9,FW,POR,Tamble Monteiro,Portimonense,Primeira Liga
10,FW,CPV,Hildeberto Pereira,Portimonense,Primeira Liga
11,MF,BRA,Carlinhos,Portimonense,Primeira Liga
13,MF,BRA,Dener,Portimonense,Primeira Liga
14,DF,SEN,Moustapha Seck,Portimonense,Primeira Liga
17,MF,BRA,Davis Silva,Portimonense,Primeira Liga
18,DF,POR,Gonçalo Costa,Portimonense,Primeira Liga
19,FW,ECU,Ronie Carrillo,Portimonense,Primeira Liga
20,MF,POR,Paulo Estrela,Portimonense,Primeira Liga
22,DF,POR,Filipe Relvas,Portimonense,Primeira Liga
23,DF,KOR,Lee Ye-chan,Portimonense,Primeira Liga
27,DF,POR,Guga,Portimonense,Primeira Liga
30,FW,KOR,Kim Yong-hak,Portimonense,Primeira Liga
33,DF,BRA,Igor Formiga,Portimonense,Primeira Liga
43,DF,BRA,Alemão,Portimonense,Primeira Liga
44,DF,BRA,Pedrão,Portimonense,Primeira Liga
70,FW,POR,Rodrigo Martins,Portimonense,Primeira Liga
76,DF,POR,Rafael Alcobia,Portimonense,Primeira Liga
77,FW,CPV,Hélio Varela,Portimonense,Primeira Liga
85,FW,GNB,Midana Cassamá,Portimonense,Primeira Liga
35,FW,JPN,Shuhei Kawasaki,Portimonense,Primeira Liga
2,DF,POR,Fábio Cardoso,FC Porto,Primeira Liga
3,DF,POR,Pepe,FC Porto,Primeira Liga
5,DF,ESP,Iván Marcano,FC Porto,Primeira Liga
6,MF,CAN,Stephen Eustáquio,FC Porto,Primeira Liga
8,MF,SRB,Marko Grujić,FC Porto,Primeira Liga
9,FW,IRN,Mehdi Taremi,FC Porto,Primeira Liga
10,FW,POR,Francisco Conceição,FC Porto,Primeira Liga
11,DF,BRA,Pepê,FC Porto,Primeira Liga
12,DF,NGA,Zaidu Sanusi,FC Porto,Primeira Liga
13,FW,BRA,Galeno,FC Porto,Primeira Liga
14,GK,POR,Cláudio Ramos,FC Porto,Primeira Liga
16,MF,ESP,Nico González,FC Porto,Primeira Liga
17,MF,ESP,Iván Jaime,FC Porto,Primeira Liga
18,DF,BRA,Wendell,FC Porto,Primeira Liga
19,FW,ENG,Danny Namaso,FC Porto,Primeira Liga
20,MF,POR,André Franco,FC Porto,Primeira Liga
22,MF,ARG,Alan Varela,FC Porto,Primeira Liga
23,DF,POR,João Mário,FC Porto,Primeira Liga
28,MF,POR,Romário Baró,FC Porto,Primeira Liga
29,FW,ESP,Toni Martínez,FC Porto,Primeira Liga
30,FW,BRA,Evanilson,FC Porto,Primeira Liga
31,DF,BRA,Otávio,FC Porto,Primeira Liga
55,DF,POR,João Mendes,FC Porto,Primeira Liga
70,FW,POR,Gonçalo Borges,FC Porto,Primeira Liga
71,GK,POR,Francisco Meixedo,FC Porto,Primeira Liga
87,MF,POR,Bernardo Folha,FC Porto,Primeira Liga
91,GK,POR,Gonçalo Ribeiro,FC Porto,Primeira Liga
94,GK,BRA,Samuel Portugal,FC Porto,Primeira Liga
97,DF,POR,Zé Pedro,FC Porto,Primeira Liga
99,GK,POR,Diogo Costa,FC Porto,Primeira Liga
1,GK,BRA,Lucas Flores,Rio Ave,Primeira Liga
2,DF,GEO,Jorge Karseladze,Rio Ave,Primeira Liga
3,DF,POR,Miguel Nóbrega,Rio Ave,Primeira Liga
4,DF,BRA,Patrick William,Rio Ave,Primeira Liga
8,MF,POR,Vítor Gomes,Rio Ave,Primeira Liga
14,MF,POR,Joca,Rio Ave,Primeira Liga
15,MF,POR,Adrien Silva,Rio Ave,Primeira Liga
16,DF,BRA,Sávio,Rio Ave,Primeira Liga
17,FW,POR,Ukra,Rio Ave,Primeira Liga
18,GK,BRA,Jhonatan,Rio Ave,Primeira Liga
19,DF,POR,Ruca,Rio Ave,Primeira Liga
20,DF,POR,Costinha,Rio Ave,Primeira Liga
21,MF,POR,João Graça,Rio Ave,Primeira Liga
22,FW,GHA,Emmanuel Boateng,Rio Ave,Primeira Liga
23,DF,POR,Josué Sá,Rio Ave,Primeira Liga
28,DF,POR,Hélder Sá,Rio Ave,Primeira Liga
33,DF,BRA,Aderllan Santos,Rio Ave,Primeira Liga
42,DF,CRO,Renato Pantalon,Rio Ave,Primeira Liga
70,FW,POR,Zé Manuel,Rio Ave,Primeira Liga
77,FW,POR,Fábio Ronaldo,Rio Ave,Primeira Liga
81,FW,GHA,Abdul-Aziz Yakubu,Rio Ave,Primeira Liga
82,GK,BRA,Magrão,Rio Ave,Primeira Liga
95,FW,POR,André Pereira,Rio Ave,Primeira Liga
1,GK,ESP,Antonio Adán,Sporting CP,Primeira Liga
2,DF,BRA,Matheus Reis,Sporting CP,Primeira Liga
3,DF,NED,Jerry St. Juste,Sporting CP,Primeira Liga
4,DF,URU,Sebastián Coates,Sporting CP,Primeira Liga
5,MF,JPN,Hidemasa Morita,Sporting CP,Primeira Liga
8,MF,POR,Pedro Gonçalves,Sporting CP,Primeira Liga
9,FW,SWE,Viktor Gyökeres,Sporting CP,Primeira Liga
10,FW,ENG,Marcus Edwards,Sporting CP,Primeira Liga
11,FW,POR,Nuno Santos,Sporting CP,Primeira Liga
12,GK,URU,Franco Israel,Sporting CP,Primeira Liga
13,DF,POR,Luís Neto,Sporting CP,Primeira Liga
17,FW,POR,Francisco Trincão,Sporting CP,Primeira Liga
20,FW,POR,Paulinho,Sporting CP,Primeira Liga
21,FW,MOZ,Geny Catamo,Sporting CP,Primeira Liga
22,DF,ESP,Iván Fresneda,Sporting CP,Primeira Liga
23,MF,POR,Daniel Bragança,Sporting CP,Primeira Liga
25,DF,POR,Gonçalo Inácio,Sporting CP,Primeira Liga
26,DF,CIV,Ousmane Diomande,Sporting CP,Primeira Liga
42,MF,DEN,Morten Hjulmand,Sporting CP,Primeira Liga
43,DF,POR,João Muniz,Sporting CP,Primeira Liga
45,DF,BRA,Rafael Pontelo,Sporting CP,Primeira Liga
47,DF,POR,Ricardo Esgaio,Sporting CP,Primeira Liga
72,DF,POR,Eduardo Quaresma,Sporting CP,Primeira Liga
80,MF,FRA,Koba Koindredi,Sporting CP,Primeira Liga
2,DF,POR,Miguel Maga,Vitória de Guimarães,Primeira Liga
3,DF,VEN,Mikel Villanueva,Vitória de Guimarães,Primeira Liga
4,DF,POR,Tomás Ribeiro,Vitória de Guimarães,Primeira Liga
6,MF,POR,Manu Silva,Vitória de Guimarães,Primeira Liga
8,MF,POR,Tomás Händel,Vitória de Guimarães,Primeira Liga
10,MF,POR,Tiago Silva,Vitória de Guimarães,Primeira Liga
11,FW,POR,Jota Silva,Vitória de Guimarães,Primeira Liga
14,GK,CPV,Bruno Varela,Vitória de Guimarães,Primeira Liga
17,MF,POR,João Mendes,Vitória de Guimarães,Primeira Liga
18,FW,CPV,Telmo Arcanjo,Vitória de Guimarães,Primeira Liga
19,DF,POR,Ricardo Mangas,Vitória de Guimarães,Primeira Liga
21,MF,POR,André André,Vitória de Guimarães,Primeira Liga
22,FW,ESP,Adrián Butzke,Vitória de Guimarães,Primeira Liga
24,DF,CRO,Toni Borevković,Vitória de Guimarães,Primeira Liga
27,GK,BRA,Charles,Vitória de Guimarães,Primeira Liga
28,MF,POR,Zé Carlos,Vitória de Guimarães,Primeira Liga
29,DF,FRA,Mamadou Tounkara,Vitória de Guimarães,Primeira Liga
44,DF,POR,Jorge Fernandes,Vitória de Guimarães,Primeira Liga
52,DF,POR,Alberto Costa,Vitória de Guimarães,Primeira Liga
53,GK,POR,Rafa Oliveira,Vitória de Guimarães,Primeira Liga
64,MF,POR,Gonçalo Nogueira,Vitória de Guimarães,Primeira Liga
72,DF,POR,Afonso Freitas,Vitória de Guimarães,Primeira Liga
76,DF,ANG,Bruno Gaspar,Vitória de Guimarães,Primeira Liga
77,MF,POR,Nuno Santos,Vitória de Guimarães,Primeira Liga
79,FW,POR,Nélson Oliveira,Vitória de Guimarães,Primeira Liga
87,FW,POR,Jota Pereira,Vitória de Guimarães,Primeira Liga
91,GK,POR,José Ribeiro,Vitória de Guimarães,Primeira Liga
92,MF,POR,Diogo Sousa,Vitória de Guimarães,Primeira Liga
98,MF,POR,Rodrigo Duarte,Vitória de Guimarães,Primeira Liga
1,GK,ITA,Francesco Ruberto,Vizela,Primeira Liga
2,DF,POR,Hugo Oliveira,Vizela,Primeira Liga
4,DF,POR,Jota Gonçalves,Vizela,Primeira Liga
5,DF,BRA,Anderson,Vizela,Primeira Liga
6,DF,BRA,Matheus Pereira,Vizela,Primeira Liga
8,MF,USA,Alex Mendez,Vizela,Primeira Liga
9,FW,SRB,Sava Petrov,Vizela,Primeira Liga
11,FW,FRA,Amadou Ba-Sy,Vizela,Primeira Liga
14,FW,CGO,Dylan Saint-Louis,Vizela,Primeira Liga
19,DF,UKR,Orest Lebedenko,Vizela,Primeira Liga
20,MF,POR,Samu,Vizela,Primeira Liga
23,MF,IRQ,Osama Rashid,Vizela,Primeira Liga
25,DF,POR,Rodrigo Escoval,Vizela,Primeira Liga
28,MF,POR,Bruno Costa,Vizela,Primeira Liga
73,GK,SRB,Nikola Bursać,Vizela,Primeira Liga
82,DF,POR,Tomás Silva,Vizela,Primeira Liga
90,MF,POR,Diogo Nascimento,Vizela,Primeira Liga
97,GK,CRO,Fabijan Buntić,Vizela,Primeira Liga
99,FW,FRA,Samuel Essende,Vizela,Primeira Liga

