Name,Nation,Level,Peak,Club,Position,Mentality,Foot,Primary Class,Secondary Class,Model,Base Value
Rafael Leao,Portugal,89,89,AC Milan,WF,Attacking,R,Striker,Sprinter,Rocket,£140000000
Mike Maignan,France,88,88,AC Milan,GK,Balanced,R,Orthodox,Acrobat,Wall,
Olivier Giroud,France,86,86,AC Milan,CF,Balanced,L,Aerial,Striker,Target,£50000000
Theo Hernandez,France,86,86,AC Milan,WD,Attacking,L,Engine,Sprinter,Shuttler,£50000000
Christian Pulisic,USA,86,86,AC Milan,WF,Attacking,R,Sprinter,Dribbler,Flash,
Fikayo Tomori,England,85,85,AC Milan,CD,Cautious,R,Stopper,Powerhouse,Rock,
Malick Thiaw,Germany,85,85,AC Milan,CD,Balanced,R,Stopper,Aerial,Centre Back,
Samuel Chukwueze,Nigeria,85,85,AC Milan,WM,Attacking,L,Creator,Dribbler,Magician,
Ismael Bennacer,Algeria,85,85,AC Milan,CM,Balanced,L,Engine,Controller,Box-To-Box,
Tijani Reijnders,Netherlands,85,85,AC Milan,CM,Balanced,R,Creator,Passer,Maestro,
Pierre Kalulu,France,84,84,AC Milan,WD,Balanced,R,Cover,Stopper,Cornerback,
Noah Okafor,Switzerland,84,84,AC Milan,CF,Balanced,R,Striker,Sprinter,Rocket,
Ruben Loftus-Cheek,England,84,84,AC Milan,CM,Balanced,R,Creator,Passer,Maestro,
Jordan Henderson,England,84,84,Ajax,CM,Cautious,R,Commander,Engine,General,£25000000
Steven Berghuis,Netherlands,84,84,Ajax,WM,Attacking,L,Creator,Passer,Maestro,
Steven Bergwijn,Netherlands,84,84,Ajax,WF,Attacking,R,Creator,Dribbler,Magician,
Josip Sutalo,Croatia,84,84,Ajax,CD,Balanced,R,Stopper,Aerial,Centre Back,
Roberto Firmino,Brazil,85,86,Al-Ahli,CF,Balanced,R,Engine,Striker,Livewire,£40000000
Franck Kessie,Ivory Coast,85,85,Al-Ahli,CM,Balanced,R,Engine,Powerhouse,Bison,
Roger Ibanez,Spain,85,85,Al-Ahli,CD,Balanced,R,Stopper,Controller,Lynchpin,
Eduoard Mendy,Senegal,85,85,Al-Ahli,GK,Cautious,R,Orthodox,Commander,Sentinel,
Riyad Mahrez,Algeria,85,85,Al-Ahli,WF,Attacking,L,Creator,Dribbler,Magician,
Gabri Veiga,Brazil,84,84,Al-Ahli,CM,Attacking,R,Creator,Engine,Catalyst,
Marco Veratti,Italy,85,87,Al-Arabi,CM,Balanced,R,Controller,Passer,Regista,
Neymar,Brazil,88,90,Al-Hilal,WF,Attacking,R,Creator,Dribbler,Magician,
Kalidou Koulibaly,Senegal,85,88,Al-Hilal,CD,Cautious,R,Stopper,Powerhouse,Rock,
Ruben Neves,Portugal,86,87,Al-Hilal,CM,Balanced,R,Controller,Passer,Regista,£70000000
Sergio Milinkovic-Savic,Serbia,87,87,Al-Hilal,CM,Attacking,R,Engine,Creator,Heartbeat,
Yassine Bounou,Morocco,85,87,Al-Hilal,GK,Cautious,L,Orthodox,Commander,Sentinel,
Malcolm,Brazil,85,86,Al-Hilal,WF,Attacking,L,Creator,Dribbler,Magician,
Karim Benzema,France,87,90,Al-Ittihad,CF,Attacking,R,Striker,Creator,Assassin,
Fabinho,Brazil,85,87,Al-Ittihad,CM,Cautious,R,Cover,Powerhouse,Stalwart,
Marcelo Brozovic,Croatia,85,87,Al-Nassr,CM,Balanced,R,Engine,Commander,Driver,
Talisca,Brazil,85,86,Al-Nassr,CM,Attacking,L,Creator,Dribbler,Magician,
Otavio,Portugal,85,85,Al-Nassr,WM,Attacking,R,Creator,Engine,Catalyst,
Aymeric Laporte,Spain,83,83,Al-Nassr,CD,Balanced,L,Stopper,Controller,Lynchpin,£40000000
Jorginho,Italy,88,91,Arsenal,CM,Balanced,R,Controller,Passer,Regista,
Declan Rice,England,90,90,Arsenal,CM,Balanced,R,Engine,Commander,Driver,£150000000
Martin Odegaard,Norway,90,90,Arsenal,CM,Balanced,L,Creator,Passer,Maestro,£120000000
William Saliba,France,90,90,Arsenal,CD,Balanced,R,Stopper,Controller,Lynchpin,£90000000
Bukayo Saka,England,89,89,Arsenal,WF,Balanced,L,Dribbler,Striker,Attacker,£110000000
Kai Havertz,Germany,88,88,Arsenal,CM,Balanced,L,Creator,Aerial,Raumdeuter,
Gabriel Jesus,Brazil,87,87,Arsenal,CF,Balanced,R,Creator,Striker,Fantasista,£60000000
Gabriel Magalhães,Brazil,87,87,Arsenal,CD,Balanced,L,Stopper,Aerial,Centre Back,£60000000
Leandro Trossard,Belgium,86,86,Arsenal,WF,Balanced,R,Creator,Dribbler,Magician,£40000000
Gabriel Martinelli,Brazil,86,86,Arsenal,WF,Balanced,R,Sprinter,Striker,Ghost,£70000000
Ben White,England,86,86,Arsenal,WD,Balanced,R,Engine,Cover,Dynamo,
Thomas Partey,Ghana,86,86,Arsenal,CM,Balanced,R,Powerhouse,Engine,Gladiator,
Takehiro Tomiyasu,Japan,85,85,Arsenal,WD,Cautious,R,Cover,Stopper,Cornerback,
Mohamed Elneny,Egypt,84,85,Arsenal,CM,Cautious,R,Engine,Cover,Dynamo,
David Raya,Spain,84,84,Arsenal,GK,Balanced,R,Distributor,Sweeper,Libero GK,
Oleksandr Zinchenko,Ukraine,84,84,Arsenal,WD,Attacking,L,Controller,Passer,Regista,
Fabio Vieira,Portugal,84,84,Arsenal,CM,Attacking,L,Creator,Striker,Fantasista,
Emile Smith Rowe,England,84,84,Arsenal,CM,Attacking,R,Creator,Dribbler,Magician,
Jurrien Timber,Netherlands,84,84,Arsenal,WD,Balanced,R,Cover,Controller,Anchor,
Aaron Ramsdale,England,84,84,Arsenal,GK,Balanced,R,Acrobat,Orthodox,Shotstopper,£20000000
Cedric Soares,Portugal,82,84,Arsenal,WD,Balanced,R,Engine,Cover,Dynamo,
Jakub Kiwior,Poland,83,83,Arsenal,CD,Balanced,L,Stopper,Powerhouse,Rock,
Eddie Nketiah,England,83,83,Arsenal,CF,Balanced,R,Powerhouse,Striker,Spearhead,
Reiss Nelson,England,83,83,Arsenal,WM,Attacking,R,Creator,Dribbler,Magician,
Tyreece John-Jules,England,79,79,Arsenal,CF,Attacking,R,Striker,Creator,Assassin,
Alexandr Golovin,Russia,85,85,AS Monaco,WM,Balanced,R,Creator,Passer,Maestro,
Vanderson,Brazil,84,84,AS Monaco,WD,Attacking,R,Passer,Cover,Provider,
Romelu Lukaku,Belgium,87,89,AS Roma,CF,Attacking,L,Powerhouse,Striker,Spearhead,£50000000
Lorenzo Pelligrini,Italy,86,86,AS Roma,CM,Balanced,R,Engine,Passer,Metronome,
Renato Sanches,Portugal,86,86,AS Roma,CM,Balanced,R,Engine,Creator,Heartbeat,
Paulo Dybala,Argentina,86,86,AS Roma,CF,Attacking,L,Creator,Striker,Fantasista,
Gianluca Mancini,Italy,85,85,AS Roma,CD,Cautious,R,Stopper,Powerhouse,Rock,
Chris Smalling,England,85,85,AS Roma,CD,Cautious,R,Stopper,Powerhouse,Rock,
Bryan Cristante,Italy,85,85,AS Roma,CM,Balanced,R,Engine,Commander,Driver,
Rui Patricio,Portugal,84,84,AS Roma,GK,Cautious,R,Orthodox,Commander,Sentinel,£30000000
Nicola Zalewski,Poland,84,84,AS Roma,WM,Balanced,R,Creator,Engine,Catalyst,
Emiliano Martinez,Argentina,88,88,Aston Villa,GK,Cautious,R,Commander,Orthodox,Hawk,£50000000
Ollie Watkins,England,88,88,Aston Villa,CF,Balanced,R,Sprinter,Striker,Ghost,£100000000
Leon Bailey,Jamaica,88,88,Aston Villa,WF,Attacking,L,Creator,Dribbler,Magician,
John McGinn,Scotland,87,87,Aston Villa,CM,Balanced,L,Commander,Engine,General,£70000000
Moussa Diaby,France,86,86,Aston Villa,WF,Attacking,L,Creator,Striker,Fantasista,£60000000
Douglas Luiz,Brazil,85,85,Aston Villa,CM,Balanced,R,Passer,Creator,Radar,£60000000
Nicolo Zaniolo,Italy,85,85,Aston Villa,WF,Attacking,L,Creator,Striker,Fantasista,
Pau Torres,Spain,85,85,Aston Villa,CD,Balanced,L,Passer,Cover,Provider,
Diego Carlos,Brazil,85,85,Aston Villa,CD,Cautious,R,Stopper,Powerhouse,Rock,
Lucas Digne,France,85,85,Aston Villa,WD,Attacking,L,Passer,Cover,Provider,
Ezri Konsa,England,84,84,Aston Villa,CD,Balanced,R,Stopper,Engine,Train,£35000000
Boubacar Kamara,France,84,84,Aston Villa,CM,Balanced,R,Controller,Engine,Conductor,£40000000
Alex Moreno,Spain,84,84,Aston Villa,WD,Balanced,L,Engine,Cover,Dynamo,
Tyrone Mings,England,84,84,Aston Villa,CD,Cautious,L,Stopper,Aerial,Centre Back,
Emiliano Buendia,Argentina,84,84,Aston Villa,WM,Balanced,R,Engine,Creator,Heartbeat,
Jacob Ramsey,England,84,84,Aston Villa,WM,Attacking,R,Dribbler,Creator,Wizard,
Matty Cash,Poland,83,83,Aston Villa,WD,Attacking,R,Sprinter,Engine,Shuttler,
Robin Olsen,Sweden,83,83,Aston Villa,GK,Cautious,R,Acrobat,Orthodox,Shotstopper,
John Duran,Colombia,83,83,Aston Villa,CF,Balanced,R,Powerhouse,Striker,Spearhead,
Christian Benteke,Belgium,82,82,Aston Villa,CF,Balanced,R,Aerial,Powerhouse,Colossus,£20000000
Tim Ireogbunam,England,81,81,Aston Villa,CM,Cautious,R,Cover,Powerhouse,Stalwart,
Teun Koopmeiners,Netherlands,86,86,Atalanta,CM,Balanced,L,Controller,Engine,Conductor,£70000000
Ademola Lookman,Nigeria,86,86,Atalanta,WF,Attacking,R,Sprinter,Dribbler,Flash,
Charles De Ketelaere,Belgium,86,86,Atalanta,CF,Attacking,L,Creator,Striker,Fantasista,
Marco Carnesecchi,Italy,85,85,Atalanta,GK,Cautious,R,Orthodox,Commander,Sentinel,
Matteo Ruggeri,Italy,85,85,Atalanta,WD,Attacking,L,Passer,Cover,Provider,
Marten de Roon,Netherlands,84,84,Atalanta,CM,Cautious,R,Cover,Engine,Guardian,
Unai Simon,Spain,87,87,Athletic Bilbao,GK,Balanced,R,Acrobat,Orthodox,Shotstopper,
Inaki Williams,Ghana,86,86,Athletic Bilbao,WF,Balanced,R,Sprinter,Striker,Ghost,
Dani Vivian,Spain,85,85,Athletic Bilbao,CD,Balanced,R,Stopper,Engine,Train,
Oihan Sancet,Spain,85,85,Athletic Bilbao,CM,Balanced,R,Controller,Engine,Conductor,
Nico Williams,Spain,85,85,Athletic Bilbao,WF,Attacking,R,Creator,Dribbler,Magician,
Antoine Griezmann,Spain,89,90,Atletico Madrid,CF,Balanced,L,Creator,Striker,Fantasista,
Jan Oblak,Slovenia,88,89,Atletico Madrid,GK,Cautious,R,Acrobat,Orthodox,Shotstopper,
Marcos Llorente,Spain,86,86,Atletico Madrid,CM,Balanced,R,Engine,Commander,Driver,
Alvaro Morata,Spain,86,86,Atletico Madrid,CF,Balanced,R,Striker,Aerial,Hitman,
Rodrigo De Paul,Argentina,86,86,Atletico Madrid,CM,Balanced,R,Creator,Passer,Maestro,
Koke,Spain,86,86,Atletico Madrid,CM,Balanced,R,Engine,Commander,Driver,
Javi Galan,Spain,85,85,Atletico Madrid,WD,Attacking,L,Passer,Cover,Provider,
Angel Correa,Argentina,85,85,Atletico Madrid,WF,Attacking,R,Dribbler,Creator,Wizard,
Thomas Lemar,France,85,85,Atletico Madrid,WM,Attacking,L,Creator,Passer,Maestro,
Memphis Depay,Netherlands,85,85,Atletico Madrid,CF,Attacking,R,Striker,Creator,Assassin,
César Azpilicueta,Spain,83,83,Atletico Madrid,WD,Cautious,R,Cover,Stopper,Cornerback,£35000000
Robert Lewandowski,Poland,90,92,Barcelona,CF,Balanced,R,Striker,Creator,Assassin,£80000000
Marc-Andre ter Stegen,Netherlands,88,88,Barcelona,GK,Balanced,R,Distributor,Sweeper,Libero GK,
Ilkay Gundogan,Germany,87,88,Barcelona,CM,Balanced,R,Controller,Creator,Playmaker,
Raphinha,Brazil,87,87,Barcelona,WF,Attacking,L,Creator,Striker,Fantasista,£70000000
Gavi,Spain,87,87,Barcelona,CM,Balanced,R,Creator,Engine,Catalyst,
Jules Koundé,France,87,87,Barcelona,CD,Balanced,R,Stopper,Sprinter,Shadow,
Joao Felix,Portugal,87,87,Barcelona,CF,Attacking,R,Creator,Striker,Fantasista,
Frenkie de Jong,Netherlands,87,87,Barcelona,CM,Balanced,R,Controller,Dribbler,Carrier,
Ferran Torres,Spain,86,86,Barcelona,WF,Balanced,R,Sprinter,Striker,Ghost,
Andreas Christensen,Denmark,86,86,Barcelona,CD,Balanced,R,Stopper,Controller,Lynchpin,
Joao Cancelo,Portugal,86,86,Barcelona,WD,Attacking,R,Passer,Cover,Provider,
Alejandro Balde,Spain,85,85,Barcelona,WD,Attacking,L,Sprinter,Cover,Flanker,
Oriol Romeu,Spain,83,83,Barcelona,CM,Cautious,R,Engine,Stopper,Destroyer,£15000000
Manuel Neuer,Germany,88,92,Bayern Munich,GK,Balanced,R,Distributor,Sweeper,Libero GK,
Harry Kane,England,91,91,Bayern Munich,CF,Balanced,R,Striker,Creator,Assassin,£150000000
Joshua Kimmich,Germany,88,89,Bayern Munich,WD,Balanced,R,Commander,Engine,General,£75000000
Leroy Sane,Germany,88,88,Bayern Munich,WF,Attacking,L,Dribbler,Striker,Attacker,£75000000
Jamal Musiala,Germany,88,88,Bayern Munich,WF,Attacking,R,Dribbler,Creator,Wizard,£90000000
Serge Gnabry,Germany,87,87,Bayern Munich,WF,Attacking,R,Sprinter,Striker,Ghost,
Leon Goretzka,Germany,87,87,Bayern Munich,CM,Balanced,R,Engine,Commander,Driver,
Thomas Muller,Germany,87,87,Bayern Munich,CM,Attacking,R,Creator,Aerial,Raumdeuter,
Dayot Upamecano,France,86,86,Bayern Munich,CD,Balanced,R,Stopper,Controller,Lynchpin,£60000000
Kingsley Coman,France,86,86,Bayern Munich,WF,Attacking,R,Dribbler,Sprinter,Winger,
Konrad Laimer,Austria,86,86,Bayern Munich,CM,Balanced,R,Engine,Stopper,Destroyer,
Noussair Mazraoui,Morocco,86,86,Bayern Munich,WD,Balanced,R,Engine,Cover,Dynamo,
Kim Min-Jae,South Korea,85,85,Bayern Munich,CD,Balanced,R,Stopper,Aerial,Centre Back,£60000000
Eric Dier,England,84,84,Bayern Munich,CD,Balanced,R,Stopper,Commander,Leader,£30000000
Angel Di Maria,Argentina,85,87,Benfica,WF,Balanced,L,Creator,Dribbler,Magician,
Rafa,Portugal,85,86,Benfica,WF,Attacking,R,Sprinter,Dribbler,Flash,
Nicolas Otamendi,Argentina,85,85,Benfica,CD,Cautious,R,Stopper,Commander,Leader,
Fredrik Aursnes,Norway,85,85,Benfica,CM,Balanced,R,Engine,Controller,Box-To-Box,
Joao Mario,Portugal,85,85,Benfica,CM,Balanced,R,Controller,Engine,Conductor,
David Neres,Brazil,84,85,Benfica,WF,Attacking,L,Creator,Dribbler,Magician,
Anatoli Trubin,Ukraine,85,85,Benfica,GK,Balanced,R,Orthodox,Distributor,Sentry,
Antonio Silva,Portugal,85,85,Benfica,CD,Balanced,R,Stopper,Controller,Lynchpin,
Sivert Mannsverk,Norway,84,84,Benfica,CM,Balanced,R,Engine,Passer,Metronome,
Ivan Toney,England,87,87,Brentford,CF,Attacking,R,Aerial,Striker,Target,£100000000
Bryan Mbeumo,Cameroon,85,85,Brentford,WF,Attacking,L,Sprinter,Striker,Ghost,
Yoane Wissa,DR Congo,85,85,Brentford,WF,Balanced,R,Sprinter,Creator,Spark,
Mathias Jensen,Denmark,85,85,Brentford,CM,Balanced,R,Passer,Engine,Director,
Christian Norgaard,Denmark,85,85,Brentford,CM,Cautious,R,Cover,Engine,Guardian,
Ethan Pinnock,England,85,85,Brentford,CD,Cautious,L,Stopper,Aerial,Centre Back,
Rico Henry,England,84,84,Brentford,WD,Attacking,L,Sprinter,Engine,Shuttler,
Mark Flekken,Netherlands,84,84,Brentford,GK,Balanced,R,Acrobat,Distributor,All-Rounder,
Mathias Jorgensen,Denmark,83,84,Brentford,CD,Balanced,R,Stopper,Commander,Leader,
Vitaly Janelt,Germany,84,84,Brentford,CM,Balanced,L,Engine,Commander,Driver,
Thomas Strakosha,Albania,84,84,Brentford,GK,Balanced,R,Acrobat,Orthodox,Shotstopper,
Nathan Collins,Ireland,84,84,Brentford,CD,Balanced,R,Aerial,Powerhouse,Colossus,
Kristoffer Ajer,Denmark,84,84,Brentford,CD,Balanced,R,Aerial,Engine,Boxcrasher,
Aaron Hickey,Scotland,84,84,Brentford,WD,Balanced,R,Sprinter,Cover,Flanker,
Frank Onyeka,Nigeria,84,84,Brentford,CM,Balanced,R,Engine,Stopper,Destroyer,
Mads Roerslev,Denmark,83,83,Brentford,WD,Balanced,R,Engine,Cover,Dynamo,
Saman Ghoddos,Iran,82,83,Brentford,WM,Balanced,R,Creator,Dribbler,Magician,
Kevin Schade,Germany,83,83,Brentford,WF,Attacking,R,Sprinter,Striker,Ghost,
Keane Lewis-Potter,England,83,83,Brentford,WF,Attacking,R,Creator,Dribbler,Magician,
Mikkel Damsgaard,Denmark,83,83,Brentford,CM,Attacking,R,Creator,Engine,Catalyst,
Shandon Baptiste,Grenada,83,83,Brentford,CM,Balanced,R,Engine,Creator,Heartbeat,
Yehor Yarmoliuk,Ukraine,82,82,Brentford,CM,Balanced,R,Engine,Controller,Box-To-Box,
Josh Dasilva,England,82,82,Brentford,CM,Attacking,L,Creator,Engine,Catalyst,
Ben Mee,England,81,81,Brentford,CD,Cautious,L,Stopper,Cover,Shield,£20000000
Michael Olakigbe,England,80,80,Brentford,WM,Balanced,R,Sprinter,Dribbler,Flash,
Ansu Fati,Spain,85,86,Brighton,WF,Attacking,R,Creator,Dribbler,Magician,
Kaoru Mitoma,Japan,85,85,Brighton,WF,Attacking,R,Dribbler,Sprinter,Winger,£80000000
Pervis Estupinan,Ecuador,85,85,Brighton,WD,Attacking,L,Engine,Dribbler,Tornate,
Joao Pedro,Brazil,85,85,Brighton,CF,Attacking,R,Creator,Striker,Fantasista,
Simon Adingra,Ivory Coast,85,85,Brighton,WF,Attacking,R,Dribbler,Creator,Wizard,
Julio Enciso,Paraguay,85,85,Brighton,CM,Attacking,R,Creator,Dribbler,Magician,
James Milner,England,84,84,Brighton,CM,Balanced,R,Engine,Commander,Driver,
Bart Verbruggen,Netherlands,84,84,Brighton,GK,Balanced,R,Distributor,Acrobat,Guardian,
Jan Paul van Hecke,Netherlands,84,84,Brighton,CD,Balanced,R,Stopper,Controller,Lynchpin,
Danny Welbeck,England,83,83,Brighton,CF,Balanced,R,Powerhouse,Striker,Spearhead,£10000000
Lewis Dunk,England,83,83,Brighton,CD,Balanced,R,Stopper,Controller,Lynchpin,£20000000
Pascal Groß,Germany,83,83,Brighton,CM,Balanced,R,Engine,Passer,Metronome,£25000000
Joel Veltman,Netherlands,83,83,Brighton,WD,Balanced,R,Cover,Stopper,Cornerback,£10000000
Solly March,England,83,83,Brighton,WM,Balanced,L,Creator,Engine,Catalyst,£10000000
Evan Ferguson,Ireland,83,83,Brighton,CF,Balanced,R,Striker,Aerial,Hitman,£100000000
Jason Steele,England,84,83,Brighton,GK,Balanced,R,Acrobat,Commander,,
Mohmoud Dahoud,Germany,83,83,Brighton,CM,Balanced,R,Controller,Engine,Conductor,
Facundo Buonanotte,Argentina,83,83,Brighton,CM,Attacking,L,Creator,Engine,Catalyst,
Billy Gilmour,Scotland,83,83,Brighton,CM,Balanced,R,Controller,Passer,Regista,
Jakub Moder,Poland,83,83,Brighton,CM,Balanced,R,Engine,Creator,Heartbeat,
Adam Webster,England,82,82,Brighton,CD,Balanced,R,Stopper,Controller,Lynchpin,£10000000
Tariq Lamptey,England,82,82,Brighton,WD,Attacking,R,Sprinter,Cover,Flanker,£20000000
Shane Duffy,Ireland,81,82,Brighton,CD,Cautious,R,Stopper,Aerial,Centre Back,£4000000
David Datro Fofana,Ivory Coast,85,85,Burnley,CF,Attacking,R,Striker,Powerhouse,Rifle,
Matt Lowton,England,82,84,Burnley,WD,Balanced,R,Engine,Cover,Dynamo,£4000000
Sander Berge,Norway,84,84,Burnley,CM,Cautious,R,Powerhouse,Engine,Gladiator,
Jeff Hendrick,Ireland,82,83,Burnley,CM,Balanced,R,Engine,Passer,Metronome,£3000000
Johann Berg Gudmundsson,Iceland,83,83,Burnley,WM,Balanced,L,Dribbler,Striker,Attacker,£8000000
Jack Cork,England,83,83,Burnley,CM,Cautious,R,Cover,Engine,Guardian,£3000000
Josh Brownhill,England,83,83,Burnley,CM,Balanced,R,Engine,Controller,Box-To-Box,£1000000
Dara O'Shea,Ireland,83,83,Burnley,CD,Balanced,R,Stopper,Powerhouse,Rock,
Mike Tresor,Belgium,83,83,Burnley,WM,Attacking,R,Creator,Dribbler,Magician,
Jacob Bruun Larsen,Denmark,83,83,Burnley,WM,Balanced,R,Sprinter,Engine,Shuttler,
Luca Koleosho,Italy,83,83,Burnley,WF,Attacking,R,Sprinter,Dribbler,Flash,
Zeki Amdouni,Switzerland,83,83,Burnley,CF,Attacking,R,Creator,Dribbler,Magician,
Jordan Beyer,Germany,83,83,Burnley,CD,Balanced,R,Stopper,Controller,Lynchpin,
James Trafford,England,83,83,Burnley,GK,Balanced,R,Distributor,Acrobat,Guardian,
Anass Zaroury,Morocco,83,83,Burnley,WF,Attacking,R,Creator,Sprinter,Livewire,
Josh Cullen,Ireland,83,83,Burnley,CM,Balanced,R,Engine,Controller,Box-To-Box,
Vitinho,Brazil,83,83,Burnley,WD,Balanced,R,Sprinter,Engine,Shuttler,
Wilson Odobert,France,83,83,Burnley,WF,Attacking,R,Creator,Dribbler,Magician,
Lawrence Vigouroux,Chile,82,83,Burnley,GK,Balanced,L,Distributor,Acrobat,Guardian,
Lyle Foster,South Africa,83,83,Burnley,CF,Attacking,R,Powerhouse,Striker,Spearhead,
Aaron Ramsey,England,83,83,Burnley,CM,Balanced,R,Dribbler,Sprinter,Winger,
Jay Rodriguez,England,82,82,Burnley,CF,Balanced,R,Striker,Engine,Poacher,£7000000
Charlie Taylor,England,82,82,Burnley,WD,Balanced,L,Cover,Engine,Guardian,£4000000
Lorenz Assignon,France,82,82,Burnley,WD,Balanced,R,Sprinter,Engine,Shuttler,
Manuel Benson,Belgium,82,82,Burnley,WM,Attacking,L,Sprinter,Creator,Spark,
Hjalmar Ekdal,Sweden,82,82,Burnley,CD,Attacking,R,Powerhouse,Aerial,Tank,
Ameen Al-Dakhil,Belgium,82,82,Burnley,CD,Balanced,R,Stopper,Controller,Lynchpin,
Darko Churlinov,Macedonia,82,82,Burnley,WM,Balanced,R,Engine,Sprinter,Shuttler,
Han-Noah Massengo,France,82,82,Burnley,CM,Balanced,R,Engine,Controller,Box-To-Box,
Hannes Delcroix,Belgium,81,81,Burnley,CD,Cautious,L,Cover,Powerhouse,Stalwart,
Arijanet Muric,Kosovo,81,81,Burnley,GK,Balanced,R,Aerial,Acrobat,,
Enock Agyei,Belgium,80,80,Burnley,WF,Balanced,L,Sprinter,Engine,Shuttler,
Thiago Silva,Brazil,87,91,Chelsea,CD,Balanced,R,Stopper,Commander,Leader,£70000000
Cole Palmer,England,88,88,Chelsea,CF,Attacking,L,Creator,Striker,Fantasista,
Raheem Sterling,England,86,87,Chelsea,WF,Attacking,R,Dribbler,Creator,Wizard,£80000000
Reece James,England,87,87,Chelsea,WD,Balanced,R,Engine,Commander,Driver,
Christopher Nkunku,France,86,87,Chelsea,CM,Attacking,R,Creator,Dribbler,Magician,
Moises Caicedo,Ecuador,86,86,Chelsea,CM,Balanced,R,Engine,Stopper,Destroyer,£70000000
Enzo Fernandez,Argentina,86,86,Chelsea,CM,Attacking,R,Creator,Passer,Maestro,
Wesley Fofana,France,85,85,Chelsea,CD,Balanced,R,Stopper,Powerhouse,Rock,
Axel Disasi,France,85,85,Chelsea,CD,Attacking,R,Stopper,Powerhouse,Rock,
Conor Gallagher,England,85,85,Chelsea,CM,Balanced,R,Engine,Commander,Driver,
Nicolas Jackson,Senegal,85,85,Chelsea,CF,Balanced,L,Sprinter,Striker,Ghost,
Benoit Badiashile,France,85,85,Chelsea,CD,Cautious,L,Stopper,Powerhouse,Rock,
Mykhaylo Mudryk,Ukraine,84,84,Chelsea,WF,Attacking,R,Sprinter,Striker,Ghost,
Marc Cucurella,Spain,83,84,Chelsea,WD,Attacking,L,Cover,Engine,Guardian,
Levi Colwill,England,84,84,Chelsea,CD,Balanced,L,Stopper,Cover,Shield,
Dorde Petrovic,Serbia,83,84,Chelsea,GK,Cautious,R,Acrobat,Orthodox,Shotstopper,
Noni Madueke,England,84,84,Chelsea,WF,Attacking,L,Dribbler,Creator,Wizard,
Romeo Lavia,Belgium,84,84,Chelsea,CM,Cautious,R,Controller,Engine,Conductor,
Carney Chukwuemeka,England,84,84,Chelsea,CM,Attacking,R,Creator,Engine,Catalyst,
Malo Gusto,France,84,84,Chelsea,WD,Attacking,R,Sprinter,Engine,Shuttler,
Trevor Chalobah,England,83,83,Chelsea,CD,Balanced,R,Stopper,Powerhouse,Rock,
Marcus Bettinelli,England,83,83,Chelsea,GK,Balanced,R,Orthodox,Commander,Sentinel,
Deived Washington,Brazil,83,83,Chelsea,CF,Balanced,R,Creator,Passer,Maestro,
Omari Hutchinson,England,83,83,Chelsea,CM,Attacking,L,Creator,Dribbler,Magician,
Malang Sarr,France,83,83,Chelsea,CD,Balanced,L,Cover,Controller,Anchor,
Robert Sánchez,Spain,82,82,Chelsea,GK,Cautious,R,Acrobat,Orthodox,Shotstopper,£5000000
Diego Moreira,Portugal,82,82,Chelsea,WM,Attacking,L,Sprinter,Dribbler,Flash,
Leo Castledine,England,82,82,Chelsea,CM,Balanced,R,Engine,Striker,Livewire,
Lesley Ugochukwu,France,82,82,Chelsea,CM,Balanced,R,Engine,Powerhouse,Bison,
Cesare Casadei,Italy,82,82,Chelsea,CM,Attacking,R,Creator,Striker,Fantasista,
Alfie Gilchrist,England,82,82,Chelsea,CD,Cautious,R,Stopper,Commander,Leader,
Jimi Tauriainen,Finland,82,82,Chelsea,CM,Balanced,L,Sprinter,Striker,Ghost,
Ishé Samuels-Smith,England,80,80,Chelsea,WD,Balanced,L,Sprinter,Engine,Shuttler,
Zak Sturge,England,80,80,Chelsea,WD,Balanced,L,Sprinter,Engine,Shuttler,
Michael Golding,England,80,80,Chelsea,CM,Attacking,R,Creator,Passer,Maestro,
Eberechi Eze,England,87,87,Crystal Palace,CM,Attacking,R,Creator,Dribbler,Magician,£60000000
Michael Olise,England,87,87,Crystal Palace,WF,Attacking,L,Dribbler,Striker,Attacker,£80000000
Cheick Doucoure,Mali,84,84,Crystal Palace,CM,Balanced,R,Engine,Cover,Dynamo,
Dean Henderson,England,84,84,Crystal Palace,GK,Balanced,R,Acrobat,Commander,,
Jordan Ayew,Ghana,84,84,Crystal Palace,WF,Balanced,R,Creator,Engine,Catalyst,
Odsonne Edouard,France,84,84,Crystal Palace,CF,Balanced,R,Striker,Powerhouse,Rifle,
James Tomkins,Wales,82,84,Crystal Palace,CD,Balanced,R,Stopper,Aerial,Centre Back,
Adam Wharton,England,84,84,Crystal Palace,CM,Balanced,L,Controller,Engine,Conductor,
Tyrick Mitchell,England,84,84,Crystal Palace,WD,Balanced,L,Sprinter,Engine,Shuttler,
Joachim Andersen,Denmark,84,84,Crystal Palace,CD,Balanced,R,Stopper,Powerhouse,Rock,
Jefferson Lerma,Colombia,84,84,Crystal Palace,CM,Balanced,R,Engine,Stopper,Destroyer,
Marc Guehi,England,83,83,Crystal Palace,CD,Cautious,R,Stopper,Powerhouse,Rock,£40000000
Jordan Ayew,Ghana,83,83,Crystal Palace,CF,Balanced,R,Creator,Engine,Catalyst,£8000000
Jean-Phillipe Mateta,France,83,83,Crystal Palace,CF,Balanced,R,Powerhouse,Striker,Spearhead,£25000000
Jairo Riedewald,Netherlands,83,83,Crystal Palace,CM,Balanced,L,Cover,Controller,Anchor,
Rob Holding,England,83,83,Crystal Palace,CD,Cautious,R,Stopper,Aerial,Centre Back,
Sam Johnstone,England,83,83,Crystal Palace,GK,Cautious,R,Orthodox,Acrobat,Wall,
Matheus Franca,Brazil,83,83,Crystal Palace,CM,Attacking,R,Creator,Engine,Catalyst,
Chris Richards,USA,83,83,Crystal Palace,CD,Balanced,R,Aerial,Engine,Boxcrasher,
Daniel Munoz,Colombia,83,83,Crystal Palace,WD,Balanced,R,Engine,Cover,Dynamo,
Aaron Wan-Bissaka,England,82,82,Crystal Palace,WD,Balanced,R,Cover,Stopper,Cornerback,£30000000
Jesurun Rak-Sakyi,England,82,82,Crystal Palace,WM,Attacking,L,Dribbler,Creator,Wizard,
Nathan Ferguson,England,82,82,Crystal Palace,CD,Balanced,R,Cover,Powerhouse,Stalwart,
Will Hughes,England,82,82,Crystal Palace,CM,Balanced,L,Controller,Engine,Conductor,
Nathaniel Clyne,England,82,82,Crystal Palace,WD,Balanced,R,Sprinter,Powerhouse,Athlete,
Naouirou Ahamada,France,81,81,Crystal Palace,CM,Balanced,R,Powerhouse,Engine,Gladiator,
Remi Matthews,England,80,80,Crystal Palace,GK,Cautious,R,Orthodox,Acrobat,Wall,
Patrick van Aanholt,Netherlands,79,79,Crystal Palace,WD,Attacking,L,Sprinter,Cover,Flanker,£10000000
David Ozoh,England,79,79,Crystal Palace,CM,Cautious,R,Engine,Powerhouse,Bison,
Joel Ward,England,78,78,Crystal Palace,WD,Cautious,R,Cover,Stopper,Cornerback,£3000000
Jadon Sancho,England,85,86,Dortmund,WF,Attacking,R,Creator,Dribbler,Magician,
Gregor Kobel,Switzerland,85,85,Dortmund,GK,Balanced,R,Acrobat,Sweeper,Hawk,
Marcel Sabitzer,Austria,85,85,Dortmund,CM,Balanced,R,Engine,Cover,Dynamo,
Nico Schlotterbeck,Germany,85,85,Dortmund,CD,Cautious,L,Stopper,Aerial,Centre Back,
Niklas Sule,Germany,85,85,Dortmund,CD,Cautious,R,Stopper,Aerial,Centre Back,
Julian Brandt,Germany,85,85,Dortmund,CM,Attacking,R,Creator,Passer,Maestro,
Mats Hummels,Germany,85,85,Dortmund,CD,Balanced,R,Stopper,Commander,Leader,
Sebastien Haller,Ivory Coast,85,85,Dortmund,CF,Balanced,R,Aerial,Striker,Target,
Ian Maatsen,Netherlands,85,85,Dortmund,WD,Attacking,L,Sprinter,Creator,Spark,
Dwight McNeil,England,85,85,Everton,WM,Balanced,L,Creator,Dribbler,Magician,£40000000
Ross Barkley,England,85,85,Everton,CM,Attacking,R,Controller,Creator,Playmaker,£60000000
Jordan Pickford,England,85,85,Everton,GK,Cautious,L,Acrobat,Orthodox,Shotstopper,£25000000
Arnaut Danjuma,Netherlands,85,85,Everton,WF,Attacking,R,Creator,Dribbler,Magician,
Jack Harrison,England,84,84,Everton,WF,Balanced,L,Creator,Striker,Fantasista,£40000000
Seamus Coleman,Ireland,83,83,Everton,WD,Balanced,R,Engine,Cover,Dynamo,£35000000
Dominic Calvert-Lewin,England,83,83,Everton,CF,Attacking,R,Aerial,Striker,Target,
James Tarkowski,England,82,82,Everton,CD,Cautious,R,Stopper,Powerhouse,Rock,£20000000
Conor Coady,England,82,82,Everton,CD,Balanced,R,Stopper,Commander,Leader,£5000000
Santiago Gimenez,Argentina,86,86,Feyenoord,CF,Attacking,R,Striker,Engine,Poacher,
Mats Wieffer,Netherlands,84,84,Feyenoord,CM,Balanced,R,Controller,Engine,Conductor,
German Cano,Brazil,87,87,Fluminense,CF,Attacking,R,Striker,Engine,Poacher,
Andre,Brazil,84,84,Fluminense,CM,Balanced,R,Controller,Passer,Regista,
João Palhinha,Portugal,88,88,Fulham,CM,Cautious,R,Engine,Stopper,Destroyer,£80000000
Willian,Brazil,85,87,Fulham,WM,Balanced,R,Creator,Passer,Maestro,
Rodrigo Muniz,Brazil,85,85,Fulham,CF,Balanced,R,Powerhouse,Striker,Spearhead,
Alex Iwobi,Nigeria,85,85,Fulham,WM,Balanced,R,Creator,Engine,Catalyst,
Tosin Adarabioyo,Nigeria,85,85,Fulham,CD,Cautious,R,Stopper,Powerhouse,Rock,
Antonee Robinson,USA,84,84,Fulham,WD,Balanced,L,Sprinter,Cover,Flanker,
Kenny Tete,Netherlands,84,84,Fulham,WD,Balanced,R,Engine,Cover,Dynamo,
Issa Diop,France,84,84,Fulham,CD,Cautious,R,Aerial,Stopper,Titan,
Timothy Castagne,Belgium,84,84,Fulham,WD,Balanced,R,Engine,Cover,Dynamo,
Calvin Bassey,Nigeria,84,84,Fulham,CD,Balanced,L,Powerhouse,Engine,Gladiator,
Bobby Decordova-Reid,Jamaica,83,83,Fulham,WM,Balanced,R,Creator,Engine,Catalyst,
Carlos Vinicius,Brazil,83,83,Fulham,CF,Balanced,L,Powerhouse,Striker,Spearhead,
Sasa Lukic,Serbia,83,83,Fulham,CM,Attacking,L,Controller,Engine,Conductor,
Andreas Pereira,Brazil,83,83,Fulham,CM,Balanced,R,Creator,Passer,Maestro,
Harry Wilson,Wales,83,83,Fulham,CM,Attacking,L,Creator,Striker,Fantasista,
Armando Broja,Albania,83,83,Fulham,CF,Balanced,L,Sprinter,Powerhouse,Athlete,
Alexsander Mitrovic,Serbia,82,82,Fulham,CF,Balanced,R,Powerhouse,Striker,Spearhead,£40000000
Adama Traore,Spain,82,82,Fulham,WM,Attacking,R,Sprinter,Powerhouse,Athlete,£5000000
Steven Benda,Germany,82,82,Fulham,GK,Balanced,R,Aerial,Acrobat,,
Marek Rodak,Slovakia,81,82,Fulham,GK,Cautious,R,Aerial,Orthodox,,
Harrison Reed,England,82,82,Fulham,CM,Balanced,R,Engine,Commander,Driver,
Fode Ballo-Toure,Senegal,82,82,Fulham,WD,Balanced,L,Sprinter,Engine,Shuttler,
Tom Cairney,Scotland,81,81,Fulham,CM,Balanced,L,Controller,Creator,Playmaker,£20000000
Bernd Leno,Germany,80,80,Fulham,GK,Balanced,R,Distributor,Sweeper,Libero GK,£10000000
Raul Jimenez,Mexico,80,80,Fulham,CF,Balanced,R,Aerial,Striker,Target,£15000000
Tim Ream,USA,78,78,Fulham,CD,Cautious,L,Stopper,Commander,Leader,£8000000
Wilfried Zaha,Ivory Coast,86,87,Galatasaray,WF,Attacking,R,Dribbler,Creator,Wizard,£60000000
Mauro Icardi,Argentina,85,85,Galatasaray,CF,Attacking,R,Striker,Aerial,Hitman,
Hakim Ziyech,Morocco,85,85,Galatasaray,WF,Attacking,L,Creator,Passer,Maestro,
Lucas Torreira,Uruguay,84,84,Galatasaray,CM,Cautious,R,Engine,Cover,Dynamo,
Lionel Messi,Argentina,89,95,Inter Miami,WF,Attacking,L,Creator,Dribbler,Magician,£80000000
Luis Suarez,Uruguay,85,90,Inter Miami,CF,Balanced,R,Striker,Creator,Assassin,£110000000
Lautaro Martinez,Argentina,89,89,Inter Milan,CF,Balanced,R,Striker,Creator,Assassin,£110000000
Nicolo Barella,Italy,88,88,Inter Milan,CM,Balanced,R,Engine,Commander,Driver,£90000000
Hakan Calhanoglu,Turkey,87,87,Inter Milan,CM,Balanced,R,Controller,Passer,Regista,£60000000
Yann Sommer,Switzerland,87,87,Inter Milan,GK,Balanced,R,Acrobat,Orthodox,Shotstopper,
Marcus Thuram,France,86,86,Inter Milan,CF,Balanced,R,Powerhouse,Striker,Spearhead,£60000000
Alessandro Bastoni,Italy,86,86,Inter Milan,CD,Balanced,L,Stopper,Engine,Train,£60000000
Benjamin Pavard,France,86,86,Inter Milan,WD,Balanced,R,Cover,Stopper,Cornerback,
Federico Dimarco,Italy,85,85,Inter Milan,WD,Attacking,L,Passer,Cover,Provider,£55000000
Francesco Acerbi,Italy,85,85,Inter Milan,CD,Balanced,L,Stopper,Engine,Train,
Davide Frattesi,Italy,85,85,Inter Milan,CM,Balanced,R,Creator,Engine,Catalyst,
Stefan de Vrij,Netherlands,85,85,Inter Milan,CD,Balanced,R,Stopper,Controller,Lynchpin,
Carlos Augusto,Brazil,85,85,Inter Milan,WD,Attacking,L,Passer,Cover,Provider,
Denzel Dumfries,Netherlands,84,84,Inter Milan,WD,Balanced,R,Engine,Powerhouse,Bison,£40000000
Henrik Mkhitaryan,Armenia,84,84,Inter Milan,CM,Attacking,R,Creator,Engine,Catalyst,
Wojciech Szczesny,Poland,87,87,Juventus,GK,Cautious,R,Orthodox,Commander,Sentinel,
Matthijs de Ligt,Netherlands,87,87,Juventus,CD,Balanced,R,Stopper,Controller,Lynchpin,
Manuel Locatelli,Italy,86,86,Juventus,CM,Balanced,R,Cover,Commander,Anchor,
Federico Chiesa,Italy,86,86,Juventus,CF,Balanced,R,Sprinter,Striker,Ghost,
Dusan Vlahovic,Serbia,85,85,Juventus,CF,Attacking,L,Striker,Powerhouse,Rifle,
Bremer,Brazil,85,85,Juventus,CD,Cautious,R,Stopper,Powerhouse,Rock,
Adrien Rabiot,France,85,85,Juventus,CM,Balanced,L,Engine,Controller,Box-To-Box,
Danilo,Brazil,84,84,Juventus,WD,Balanced,R,Engine,Cover,Dynamo,
Filip Kostic,Serbia,84,84,Juventus,WM,Balanced,L,Sprinter,Cover,Flanker,
Federico Gatti,Italy,84,84,Juventus,CD,Balanced,R,Stopper,Powerhouse,Rock,
Ciro Immobile,Italy,86,88,Lazio,CF,Attacking,R,Striker,Engine,Poacher,
Alessio Romagnoli,Italy,86,86,Lazio,CD,Balanced,L,Stopper,Controller,Lynchpin,
Felipe Anderson,Brazil,85,86,Lazio,WF,Balanced,R,Creator,Dribbler,Magician,
Luis Alberto,Spain,85,85,Lazio,CM,Balanced,R,Creator,Passer,Maestro,
Ivan Provedel,Italy,85,85,Lazio,GK,Balanced,R,Acrobat,Orthodox,Shotstopper,
Mattia Zaccagni,Italy,84,84,Lazio,WF,Attacking,R,Creator,Dribbler,Magician,
Ilan Meslier,France,83,83,Leeds United,GK,Balanced,L,Acrobat,Distributor,All-Rounder,£10000000
Wilfried Gnonto,Italy,82,82,Leeds United,WF,Attacking,R,Dribbler,Creator,Wizard,£30000000
Connor Roberts,Wales,82,82,Leeds United,WD,Balanced,R,Engine,Cover,Dynamo,
Archie Gray,England,78,78,Leeds United,CM,Balanced,R,Engine,Controller,Box-To-Box,£20000000
N'Golo Kante,France,86,90,Leicester,CM,Balanced,R,Engine,Cover,Dynamo,£50000000
James Maddison,England,87,87,Leicester,CM,Attacking,R,Creator,Striker,Fantasista,£80000000
Youri Tielemans,Belgium,85,85,Leicester,CM,Balanced,R,Controller,Creator,Playmaker,£55000000
Ben Chilwell,England,84,84,Leicester,WD,Attacking,L,Passer,Cover,Provider,£40000000
Harvey Barnes,England,84,84,Leicester,WF,Attacking,R,Dribbler,Striker,Attacker,£50000000
Wilfred Ndidi,Nigeria,83,83,Leicester,CM,Cautious,R,Engine,Stopper,Destroyer,£40000000
Riyad Mahrez,Algeria,83,83,Leicester,WM,Attacking,L,Dribbler,Creator,Wizard,£30000000
Kasper Schmeichel,Denmark,82,82,Leicester,GK,Balanced,R,Commander,Orthodox,Hawk,£25000000
Kelechi Iheanacho,Nigeria,80,80,Leicester,CF,Attacking,L,Striker,Creator,Assassin,£20000000
Caglar Soyuncu,Turkey,80,80,Leicester,CD,Cautious,R,Stopper,Powerhouse,Rock,£20000000
Shinji Okazaki,Japan,79,79,Leicester,CF,Cautious,R,Engine,Striker,Livewire,£12000000
Jamie Vardy,England,79,79,Leicester,CF,Balanced,R,Sprinter,Striker,Ghost,£50000000
Marc Albrighton,England,79,79,Leicester,WM,Balanced,R,Engine,Sprinter,Shuttler,£12000000
Florian Wirtz,Germany,89,89,Leverkusen,CM,Attacking,R,Creator,Dribbler,Magician,£120000000
Jeremie Frimpong,Netherlands,88,88,Leverkusen,WM,Attacking,R,Sprinter,Dribbler,Flash,
Granit Xhaka,Switzerland,88,88,Leverkusen,CM,Balanced,L,Commander,Engine,General,
Alex Grimaldo,Spain,86,86,Leverkusen,WD,Attacking,L,Creator,Passer,Maestro,£40000000
Lucas Hradecky,Finland,86,86,Leverkusen,GK,Cautious,R,Acrobat,Orthodox,Shotstopper,
Edmond Tapsoba,Burkina Faso,85,85,Leverkusen,CD,Balanced,R,Stopper,Controller,Lynchpin,
Patrik Schik,Czech Republic,85,85,Leverkusen,CF,Balanced,L,Striker,Powerhouse,Rifle,
Borja Iglesias,Spain,84,84,Leverkusen,CF,Balanced,R,Striker,Engine,Poacher,
Virgil van Dijk,Netherlands,91,92,Liverpool,CD,Balanced,R,Stopper,Controller,Lynchpin,£80000000
Mohamed Salah,Egypt,89,91,Liverpool,WF,Attacking,L,Creator,Striker,Fantasista,£120000000
Alisson Becker,Brazil,90,90,Liverpool,GK,Balanced,R,Acrobat,Distributor,All-Rounder,£100000000
Trent Alexander-Arnold,England,88,89,Liverpool,WD,Attacking,R,Passer,Creator,Radar,£100000000
Andy Robertson,Scotland,87,88,Liverpool,WD,Balanced,L,Engine,Cover,Dynamo,£70000000
Ibrahima Konate,France,88,88,Liverpool,CD,Cautious,R,Stopper,Powerhouse,Rock,
Luis Diaz,Colombia,87,87,Liverpool,WF,Balanced,R,Creator,Striker,Catalyst,£60000000
Dominik Szoboszlai,Hungary,87,87,Liverpool,CM,Attacking,R,Creator,Sprinter,Catalyst,
Darwin Nunez,Uruguay,86,86,Liverpool,CF,Balanced,R,Sprinter,Powerhouse,Athlete,£60000000
Cody Gakpo,Netherlands,86,86,Liverpool,CF,Balanced,R,Creator,Dribbler,Magician,
Sadio Mane,Senegal,85,85,Liverpool,WF,Balanced,R,Creator,Striker,Catalyst,£40000000
Alexis Mac Allister,Argentina,85,85,Liverpool,CM,Attacking,R,Controller,Creator,Playmaker,£55000000
Diogo Jota,Portugal,85,85,Liverpool,WF,Balanced,R,Striker,Creator,Assassin,£50000000
Conor Bradley,Northern Ireland,85,85,Liverpool,WD,Balanced,R,Sprinter,Engine,Shuttler,
Ryan Gravenberch,Netherlands,85,85,Liverpool,CM,Balanced,R,Controller,Engine,Conductor,
Curtis Jones,England,84,84,Liverpool,CM,Balanced,R,Creator,Engine,Catalyst,
Joe Gomez,England,84,84,Liverpool,CD,Balanced,R,Cover,Stopper,Cornerback,
Harvey Elliot,England,84,84,Liverpool,CM,Attacking,L,Creator,Striker,Fantasista,
Thiago,Spain,84,84,Liverpool,CM,Balanced,R,Controller,Creator,Playmaker,
Wataru Endo,Japan,84,84,Liverpool,CM,Cautious,R,Cover,Engine,Guardian,
Caoimhin Kelleher,Ireland,84,84,Liverpool,GK,Balanced,R,Acrobat,Orthodox,Shotstopper,
Jarell Quansah,England,84,84,Liverpool,CD,Balanced,R,Stopper,Controller,Lynchpin,
Kostas Tsimikas,Greece,83,83,Liverpool,WD,Balanced,L,Passer,Cover,Provider,
Joel Matip,Cameroon,83,83,Liverpool,CD,Cautious,R,Stopper,Aerial,Centre Back,
Adrian,Spain,83,83,Liverpool,GK,Cautious,R,Orthodox,Commander,Sentinel,
Stefan Bajcetic,Spain,83,83,Liverpool,CM,Balanced,R,Controller,Passer,Regista,
Ben Doak,Scotland,82,82,Liverpool,WM,Attacking,R,Creator,Dribbler,Magician,
Chiedozie Ogbene,Ireland,85,85,Luton Town,WM,Balanced,R,Sprinter,Dribbler,Flash,
Carlton Morris,England,85,85,Luton Town,CF,Balanced,R,Powerhouse,Striker,Spearhead,
Elijah Adebayo,England,85,85,Luton Town,CF,Balanced,R,Aerial,Powerhouse,Colossus,
Thomas Kaminski,Poland,84,84,Luton Town,GK,Cautious,R,Orthodox,Acrobat,Wall,£1000000
Andros Townsend,England,83,84,Luton Town,WM,Balanced,E,Creator,Striker,Fantasista,
Marvelous Nakamba,Zimbabwe,83,83,Luton Town,CM,Balanced,L,Engine,Stopper,Destroyer,
Tahith Chong,Netherlands,83,83,Luton Town,CM,Attacking,L,Creator,Engine,Catalyst,
Issa Kaboré,Burkina Faso,82,83,Luton Town,WD,Balanced,R,Sprinter,Cover,Flanker,
Jacob Brown,Scotland,83,83,Luton Town,CM,Balanced,R,Engine,Creator,Heartbeat,
Alfie Doughty,England,83,83,Luton Town,WM,Balanced,L,Sprinter,Passer,Wing Back,
Albert Sambi Lokonga,Belgium,83,83,Luton Town,CM,Balanced,R,Controller,Engine,Conductor,
Teden Mengi,England,83,83,Luton Town,CD,Cautious,R,Stopper,Controller,Lynchpin,
Tom Lockyer,England,81,82,Luton Town,CD,Cautious,R,Stopper,Commander,Leader,
Gabriel Osho,Nigeria,82,82,Luton Town,CD,Balanced,R,Powerhouse,Stopper,Enforcer,
Reece Burke,England,82,82,Luton Town,CD,Balanced,R,Stopper,Powerhouse,Rock,
Cauley Woodrow,England,81,82,Luton Town,CM,Balanced,R,Creator,Striker,Fantasista,
Luke Berry,England,82,82,Luton Town,CM,Balanced,R,Engine,Creator,Heartbeat,
Daiki Hashioka,Japan,82,82,Luton Town,WD,Balanced,R,Engine,Stopper,Destroyer,
Mads Juel Andersen,Denmark,81,81,Luton Town,CD,Balanced,R,Aerial,Powerhouse,Colossus,
Dan Potts,England,81,81,Luton Town,WD,Balanced,L,Cover,Engine,Guardian,
Fred Onyedinma,Nigeria,81,81,Luton Town,WM,Balanced,R,Sprinter,Dribbler,Flash,
Amari'i Bell,Jamaica,81,81,Luton Town,WD,Balanced,L,Sprinter,Engine,Shuttler,
James Shea,England,80,80,Luton Town,GK,Cautious,R,Acrobat,Orthodox,Shotstopper,
Joe Johnson,England,80,80,Luton Town,WD,Balanced,L,Sprinter,Engine,Shuttler,
Elliot Thorpe,England,80,80,Luton Town,CM,Balanced,R,Controller,Engine,Conductor,
Pelly-Ruddock Mpanzu,DR Congo,79,80,Luton Town,CM,Balanced,R,Engine,Powerhouse,Bison,
Taylan Harris,England,79,79,Luton Town,CF,Attacking,L,Creator,Dribbler,Magician,
Zach Nelson,England,77,79,Luton Town,CM,Balanced,R,Engine,Controller,Box-To-Box,
Tim Krul,Netherlands,76,76,Luton Town,GK,Cautious,R,Orthodox,Acrobat,Wall,£8000000
Kevin De Bruyne,Belgium,91,92,Manchester City,CM,Attacking,R,Creator,Passer,Maestro,£100000000
Rodri,Spain,92,92,Manchester City,CM,Balanced,R,Controller,Engine,Conductor,£100000000
Erling Haaland,Norway,91,92,Manchester City,CF,Attacking,L,Powerhouse,Striker,Spearhead,£100000000
Ederson,Brazil,90,91,Manchester City,GK,Attacking,L,Distributor,Sweeper,Libero GK,£80000000
Ruben Dias,Portugal,91,91,Manchester City,CD,Balanced,R,Stopper,Controller,Lynchpin,£90000000
Bernardo Silva,Portugal,90,90,Manchester City,CM,Balanced,L,Creator,Engine,Catalyst,£120000000
Phil Foden,England,90,90,Manchester City,CM,Attacking,L,Creator,Striker,Fantasista,£150000000
Kyle Walker,England,88,89,Manchester City,WD,Balanced,R,Sprinter,Engine,Flanker,£60000000
Jack Grealish,England,88,88,Manchester City,WF,Attacking,R,Dribbler,Creator,Wizard,£80000000
Manuel Akanji,Switzerland,88,88,Manchester City,CD,Balanced,R,Stopper,Aerial,Centre Back,
Josko Gvardiol,Croatia,88,88,Manchester City,CD,Balanced,L,Cover,Stopper,Cornerback,
John Stones,England,88,88,Manchester City,CD,Attacking,R,Engine,Cover,Dynamo,
Ilkay Gundogan,Germany,87,87,Manchester City,CM,Balanced,R,Controller,Passer,Regista,£60000000
Nathan Aké,Netherlands,87,87,Manchester City,CD,Balanced,L,Cover,Stopper,Cornerback,
Jeremy Doku,Belgium,87,87,Manchester City,WF,Attacking,R,Dribbler,Creator,Wizard,
Julian Alvarez,Argentina,87,87,Manchester City,CF,Balanced,R,Creator,Striker,Fantasista,
Mateo Kovacic,Croatia,86,86,Manchester City,CM,Balanced,R,Controller,Engine,Conductor,
Matheus Nunes,Portugal,86,86,Manchester City,CM,Attacking,R,Creator,Dribbler,Magician,
Stefan Ortega,Germany,85,85,Manchester City,GK,Balanced,R,Distributor,Acrobat,Guardian,
Sergio Gomez,Spain,84,84,Manchester City,WM,Balanced,L,Passer,Engine,Director,
Oscar Bobb,Sweden,84,84,Manchester City,WF,Attacking,L,Sprinter,Creator,Spark,
Rico Lewis,England,83,83,Manchester City,WD,Balanced,R,Controller,Passer,Regista,
Taylor Harwood-Bellis,England,83,83,Manchester City,CD,Balanced,R,Stopper,Controller,Lynchpin,
Micah Hamilton,England,83,83,Manchester City,WF,Balanced,R,Creator,Engine,Catalyst,
Kayky,Brazil,82,82,Manchester City,WF,Attacking,L,Creator,Sprinter,Livewire,
Mahamadou Susoho,Spain,81,81,Manchester City,CM,Cautious,R,Cover,Controller,Anchor,
Scott Carson,England,80,80,Manchester City,GK,Cautious,R,Orthodox,Commander,Sentinel,
Cristiano Ronaldo,Portugal,87,92,Manchester United,WF,Attacking,E,Striker,Sprinter,Rocket,£80000000
Bruno Fernandes,Portugal,88,88,Manchester United,CM,Attacking,R,Creator,Passer,Maestro,£80000000
Andre Onana,Cameroon,86,86,Manchester United,GK,Balanced,R,Distributor,Sweeper,Libero GK,
Anthony Martial,France,83,86,Manchester United,CF,Attacking,R,Creator,Sprinter,Livewire,
Marcus Rashford,England,85,85,Manchester United,WF,Attacking,R,Striker,Sprinter,Rocket,£60000000
Alejandro Garnacho,Spain,85,85,Manchester United,WF,Attacking,R,Sprinter,Striker,Ghost,
Victor Lindelof,Sweden,84,85,Manchester United,CD,Balanced,R,Stopper,Cover,Shield,
Tom Huddlestone,England,80,85,Manchester United,CM,Balanced,R,Controller,Passer,Regista,
Kobbie Mainoo,England,84,84,Manchester United,CM,Balanced,R,Controller,Engine,Conductor,£50000000
Mason Mount,England,84,84,Manchester United,CM,Balanced,R,Engine,Creator,Heartbeat,£35000000
Raphael Varane,France,84,84,Manchester United,CD,Cautious,R,Stopper,Cover,Shield,
Lisandro Martinez,Argentina,84,84,Manchester United,CD,Balanced,L,Stopper,Cover,Shield,
Luke Shaw,England,84,84,Manchester United,WD,Balanced,L,Engine,Cover,Dynamo,
Casemiro,Brazil,84,84,Manchester United,CM,Balanced,R,Cover,Commander,Anchor,
Rasmus Hojlund,Denmark,84,84,Manchester United,CF,Balanced,L,Sprinter,Striker,Ghost,
Scott McTominay,Scotland,84,84,Manchester United,CM,Balanced,R,Engine,Aerial,Boxcrasher,
Altay Bayindir,Turkey,84,84,Manchester United,GK,Balanced,R,Acrobat,Orthodox,Shotstopper,
Diogo Dalot,Portugal,84,84,Manchester United,WD,Balanced,R,Engine,Cover,Dynamo,
Jonny Evans,Northern Ireland,84,84,Manchester United,CD,Balanced,E,Stopper,Cover,Shield,
Antony,Brazil,83,83,Manchester United,WF,Attacking,L,Dribbler,Creator,Wizard,
Sofyan Amrabat,Morocco,83,83,Manchester United,CM,Cautious,R,Cover,Commander,Anchor,
Amad Diallo,Ivory Coast,83,83,Manchester United,WF,Attacking,L,Dribbler,Creator,Wizard,
Shola Shoretire,England,83,83,Manchester United,WF,Attacking,R,Creator,Dribbler,Magician,
Tyrell Malacia,Netherlands,82,83,Manchester United,WD,Attacking,L,Sprinter,Cover,Flanker,
Willy Kambwala,France,81,81,Manchester United,CD,Balanced,R,Stopper,Sprinter,Shadow,
Omari Forson,England,81,81,Manchester United,WF,Balanced,L,Creator,Dribbler,Magician,
Ethan Wheatley,England,81,81,Manchester United,CF,Attacking,R,Striker,Creator,Assassin,
Victor Osimhen,Nigeria,89,89,Napoli,CF,Balanced,R,Aerial,Striker,Target,£90000000
Khvicha Kvaratskhelia,Georgia,87,88,Napoli,WF,Attacking,R,Dribbler,Creator,Wizard,£90000000
Piotr Zielinski,Poland,86,86,Napoli,CM,Balanced,R,Passer,Creator,Radar,
Matteo Politano,Italy,85,85,Napoli,WF,Attacking,L,Creator,Striker,Fantasista,
Alex Meret,Italy,85,85,Napoli,GK,Cautious,L,Acrobat,Orthodox,Shotstopper,
Amir Rrahani,Kosovo,85,85,Napoli,CD,Balanced,R,Stopper,Aerial,Centre Back,
Andre-Franck Zambo Anguissa,Cameroon,85,85,Napoli,CM,Balanced,R,Powerhouse,Engine,Gladiator,
Stanislav Lobotka,Slovakia,85,85,Napoli,CM,Balanced,R,Controller,Passer,Regista,
Giacomo Raspadori,Italy,84,84,Napoli,CF,Attacking,R,Creator,Striker,Fantasista,
Bruno Guimaraes,Brazil,88,89,Newcastle,CM,Balanced,R,Controller,Creator,Playmaker,£80000000
Alexander Isak,Sweden,87,87,Newcastle,CF,Balanced,R,Striker,Creator,Assassin,£80000000
Sandro Tonali,Italy,87,87,Newcastle,CM,Balanced,R,Controller,Passer,Regista,
Sven Botman,Netherlands,86,86,Newcastle,CD,Balanced,R,Stopper,Engine,Train,
Miguel Almiron,Paraguay,86,86,Newcastle,WF,Balanced,L,Creator,Dribbler,Magician,
Joelinton,Brazil,86,86,Newcastle,CM,Balanced,R,Powerhouse,Engine,Gladiator,
Allan Saint-Maximin,France,85,85,Newcastle,WF,Attacking,R,Dribbler,Creator,Wizard,£50000000
Callum Wilson,England,85,85,Newcastle,CF,Attacking,R,Striker,Aerial,Hitman,
Kieran Trippier,England,84,84,Newcastle,WD,Balanced,R,Passer,Cover,Provider,£40000000
Jamal Lascelles,England,82,82,Newcastle,CD,Cautious,R,Stopper,Commander,Leader,£10000000
Nick Pope,England,87,82,Newcastle,GK,Cautious,R,Orthodox,Acrobat,Wall,£30000000
Dan Burn,England,80,80,Newcastle,WD,Cautious,L,Aerial,Stopper,Titan,£10000000
Andy Carroll,England,80,80,Newcastle,CF,Attacking,L,Aerial,Striker,Target,£20000000
Danny Batth,England,82,82,Norwich City,CD,Cautious,R,Stopper,Powerhouse,Rock,£1500000
Morgan Gibbs-White,England,86,86,Nottingham Forest,CM,Attacking,R,Creator,Dribbler,Magician,£60000000
Taiwo Awoniyi,Nigeria,84,85,Nottingham Forest,CF,Balanced,R,Powerhouse,Striker,Spearhead,£40000000
Ibrahim Sangare,Ivory Coast,85,85,Nottingham Forest,CM,Cautious,R,Aerial,Powerhouse,Colossus,
Felipe,Brazil,83,85,Nottingham Forest,CD,Cautious,R,Stopper,Commander,Leader,
Anthony Elanga,Sweden,84,84,Nottingham Forest,WF,Balanced,R,Sprinter,Striker,Ghost,£40000000
Murillo,Brazil,84,84,Nottingham Forest,CD,Attacking,L,Stopper,Powerhouse,Rock,£40000000
Callum Hudson-Odoi,England,84,84,Nottingham Forest,WF,Attacking,R,Dribbler,Creator,Wizard,£40000000
Moussa Niakhate,Senegal,84,84,Nottingham Forest,CD,Balanced,L,Stopper,Commander,Leader,£35000000
Gio Reyna,USA,83,84,Nottingham Forest,CM,Attacking,R,Creator,Dribbler,Magician,
Cheikhou Kouyate,Senegal,83,84,Nottingham Forest,CM,Cautious,R,Engine,Powerhouse,Bison,
Danilo,Brazil,84,84,Nottingham Forest,CM,Balanced,L,Creator,Engine,Catalyst,
Nuno Tavares,Portugal,84,84,Nottingham Forest,WD,Attacking,L,Dribbler,Engine,Outlet,
Divock Origi,Belgium,83,84,Nottingham Forest,CF,Attacking,R,Striker,Creator,Assassin,
Ryan Yates,England,83,83,Nottingham Forest,CM,Balanced,R,Engine,Commander,Driver,
Matz Sels,Belgium,83,83,Nottingham Forest,GK,Cautious,R,Acrobat,Sweeper,Hawk,
Neco Williams,Wales,82,83,Nottingham Forest,WD,Balanced,R,Engine,Cover,Dynamo,
Odysseas Vlachodimos,Greece,83,83,Nottingham Forest,GK,Balanced,R,Acrobat,Orthodox,Shotstopper,
Ola Aina,Nigeria,83,83,Nottingham Forest,WD,Attacking,R,Sprinter,Engine,Shuttler,
Gonzalo Montiel,Argentina,83,83,Nottingham Forest,WD,Attacking,R,Engine,Cover,Dynamo,
Harry Arter,Ireland,81,83,Nottingham Forest,CM,Balanced,L,Controller,Passer,Regista,
Willy Boly,Ivory Coast,82,82,Nottingham Forest,CD,Cautious,R,Stopper,Aerial,Centre Back,£10000000
Matt Turner,USA,82,82,Nottingham Forest,GK,Cautious,R,Acrobat,Orthodox,Shotstopper,
Andrew Omobamidele,Irish,82,82,Nottingham Forest,CD,Cautious,R,Stopper,Sprinter,Shadow,
Harry Toffolo,England,81,81,Nottingham Forest,WD,Balanced,L,Engine,Cover,Dynamo,
Rodrigo Ribeiro,Portugal,81,81,Nottingham Forest,CF,Balanced,R,Creator,Dribbler,Magician,
Ateef Konate,France,80,80,Nottingham Forest,CM,Attacking,R,Creator,Dribbler,Magician,
Chris Wood,New Zealand,85,78,Nottingham Forest,CF,Balanced,R,Aerial,Striker,Target,£10000000
Galeno,Brazil,86,86,Porto,WF,Attacking,R,Creator,Dribbler,Magician,
Diogo Costa,Portugal,85,85,Porto,GK,Balanced,R,Distributor,Sweeper,Libero GK,
Nico Gonzalez,Spain,85,85,Porto,CM,Balanced,R,Controller,Engine,Conductor,
Alan Varela,Argentina,85,85,Porto,CM,Balanced,R,Controller,Engine,Conductor,
Mehdi Taremi,Iran,85,85,Porto,CF,Attacking,R,Creator,Striker,Fantasista,
Pepe,Brazil,84,84,Porto,WM,Balanced,R,Dribbler,Sprinter,Winger,
Kylian Mbappe,France,92,92,PSG,WF,Attacking,R,Sprinter,Striker,Ghost,£120000000
Gianluigi Donnarumma,Italy,88,90,PSG,GK,Cautious,R,Orthodox,Commander,Sentinel,
Milan Škriniar,Slovakia,88,88,PSG,CD,Balanced,R,Stopper,Powerhouse,Rock,
Randal Kolo Muani,France,87,87,PSG,CF,Balanced,R,Striker,Sprinter,Rocket,£80000000
Marquinhos,Brazil,87,87,PSG,CD,Balanced,R,Stopper,Cover,Shield,
Ousmane Dembele,France,87,87,PSG,WF,Attacking,E,Dribbler,Creator,Wizard,
Achraf Hakimi,Morocco,86,86,PSG,WD,Attacking,R,Sprinter,Engine,Flanker,£60000000
Warren Zaire-Emery,France,86,86,PSG,CM,Balanced,R,Controller,Creator,Playmaker,£60000000
Lucas Hernandez,France,86,86,PSG,WD,Attacking,L,Engine,Sprinter,Shuttler,
Vitinha,Portugal,86,86,PSG,CM,Balanced,R,Creator,Engine,Catalyst,
Nuno Mendes,Portugal,86,86,PSG,WD,Attacking,L,Sprinter,Cover,Flanker,
Manuel Ugarte,Uruguay,85,85,PSG,CM,Cautious,R,Cover,Engine,Guardian,
Danilo Pereira,Portugal,85,85,PSG,CM,Cautious,R,Powerhouse,Stopper,Enforcer,
Fabian Ruiz,Spain,85,85,PSG,CM,Balanced,L,Controller,Creator,Playmaker,
Presnel Kimpembe,France,85,85,PSG,CD,Balanced,L,Stopper,Powerhouse,Rock,
Goncalo Ramos,Portugal,85,85,PSG,CF,Balanced,R,Striker,Engine,Poacher,
Carlos Soler,Spain,85,85,PSG,CM,Balanced,R,Controller,Creator,Playmaker,
Keylor Navas,Costa Rica,84,84,PSG,GK,Cautious,R,Acrobat,Orthodox,Shotstopper,
Xavi Simons,Netherlands,87,87,RB Leipzig,CM,Attacking,R,Creator,Engine,Catalyst,£60000000
Dani Olmo,Spain,86,86,RB Leipzig,CM,Attacking,R,Creator,Dribbler,Magician,
Willi Orban,Austria,86,86,RB Leipzig,CD,Balanced,R,Stopper,Commander,Leader,
Mohamed Simakan,France,85,85,RB Leipzig,CD,Balanced,R,Stopper,Sprinter,Shadow,
David Raum,Germany,85,85,RB Leipzig,WD,Attacking,L,Passer,Cover,Provider,
Xavier Schlager,Austria,85,85,RB Leipzig,CM,Balanced,L,Engine,Commander,Driver,
Lois Openda,Belgium,84,84,RB Leipzig,CF,Balanced,R,Sprinter,Striker,Ghost,
Castello Lukeba,France,83,83,RB Leipzig,CD,Balanced,L,Cover,Stopper,Cornerback,
Nabil Fekir,France,86,86,Real Betis,CF,Attacking,L,Creator,Striker,Fantasista,
Ez Abde,Morocco,85,85,Real Betis,WM,Attacking,R,Dribbler,Sprinter,Winger,
William Carvalho,Portugal,84,84,Real Betis,CM,Cautious,R,Cover,Controller,Anchor,
Sergio Canales,Spain,83,83,Real Betis,CM,Attacking,L,Creator,Dribbler,Magician,
Guido Rodriguez,Argentina,83,83,Real Betis,CM,Cautious,R,Cover,Stopper,Cornerback,
Jude Bellingham,England,91,91,Real Madrid,CM,Balanced,R,Creator,Engine,Catalyst,£100000000
Thibaut Courtois,Belgium,87,90,Real Madrid,GK,Cautious,L,Orthodox,Acrobat,Wall,£50000000
Vinicius Juinor,Brazil,90,90,Real Madrid,WF,Attacking,R,Creator,Dribbler,Magician,£140000000
Toni Kroos,Germany,89,90,Real Madrid,CM,Balanced,E,Controller,Passer,Regista,£60000000
Ernesto Valverde,Uruguay,88,89,Real Madrid,CM,Balanced,R,Engine,Commander,Driver,£110000000
David Alaba,Austria,88,88,Real Madrid,CD,Balanced,L,Passer,Cover,Provider,
Antonio Rudiger,Germany,88,88,Real Madrid,CD,Balanced,R,Stopper,Powerhouse,Rock,
Ferland Mendy,France,88,88,Real Madrid,WD,Attacking,L,Sprinter,Engine,Shuttler,
Rodrygo,Brazil,87,87,Real Madrid,WF,Balanced,R,Creator,Dribbler,Magician,£80000000
Aurelien Tchouameni,France,87,87,Real Madrid,CM,Cautious,R,Commander,Engine,General,£90000000
Eduardo Camavinga,France,87,87,Real Madrid,CM,Balanced,L,Commander,Engine,General,£80000000
Kepa Arrizabalaga,Spain,85,85,Real Madrid,GK,Balanced,R,Acrobat,Orthodox,Shotstopper,
Nacho,Spain,85,85,Real Madrid,CD,Cautious,R,Stopper,Commander,Leader,
Brahim Diaz,Spain,84,84,Real Madrid,CM,Attacking,L,Creator,Dribbler,Magician,
Dani Ceballos,Spain,84,84,Real Madrid,CM,Balanced,R,Creator,Engine,Catalyst,
Dani Carvajal,Spain,83,83,Real Madrid,WD,Cautious,R,Cover,Engine,Guardian,
Lucas Vasquez,Spain,82,82,Real Madrid,WM,Balanced,R,Sprinter,Cover,Flanker,
Joselu,Spain,82,82,Real Madrid,CF,Balanced,R,Powerhouse,Striker,Spearhead,
Takefusa Kubo,Japan,86,86,Real Sociedad,WF,Attacking,L,Creator,Dribbler,Magician,
Mikel Oyarzabal,Spain,86,86,Real Sociedad,WF,Attacking,L,Creator,Dribbler,Magician,
Robin Le Normand,France,85,85,Real Sociedad,CD,Balanced,R,Stopper,Powerhouse,Rock,
Mikel Merino,Spain,85,85,Real Sociedad,CM,Balanced,L,Engine,Controller,Box-To-Box,
Ander Barrenetxea,Spain,85,85,Real Sociedad,WF,Attacking,R,Creator,Dribbler,Magician,
Kieran Tierney,Scotland,85,85,Real Sociedad,WD,Balanced,L,Cover,Engine,Guardian,
Alex Remiro,Spain,85,85,Real Sociedad,GK,Balanced,R,Acrobat,Distributor,All-Rounder,
Martin Zubimendi,Spain,84,84,Real Sociedad,CM,Balanced,R,Controller,Engine,Conductor,
Brais Mendez,Spain,83,83,Real Sociedad,WM,Attacking,L,Creator,Passer,Maestro,
James Ward-Prowse,England,84,84,Southampton,CM,Balanced,R,Passer,Creator,Radar,£45000000
Dusan Tadic,Serbia,83,83,Southampton,WM,Attacking,L,Creator,Dribbler,Magician,£30000000
Pierre-Emile Hjobjerg,Denmark,83,83,Southampton,CM,Balanced,R,Controller,Passer,Regista,£12000000
Danny Ings,England,81,81,Southampton,CF,Balanced,R,Striker,Engine,Poacher,£20000000
Adam Lallana,England,80,80,Southampton,WM,Balanced,E,Dribbler,Creator,Wizard,£40000000
Jose Fonte,Portugal,80,80,Southampton,CD,Balanced,R,Stopper,Aerial,Centre Back,£10000000
Maya Yoshida,Japan,78,78,Southampton,CD,Cautious,R,Stopper,Engine,Train,£8000000
Fraser Forster,England,76,76,Southampton,GK,Cautious,R,Orthodox,Commander,Sentinel,£2000000
Viktor Gyokeres,Sweden,86,86,Sporting,CF,Balanced,R,Engine,Striker,Livewire,
Sebastian Coates,Uruguay,85,85,Sporting,CD,Balanced,R,Stopper,Commander,Leader,
Ousmane Diomande,Ivory Coast,85,85,Sporting,CD,Balanced,R,Stopper,Powerhouse,Rock,
Morten Hjulmand,Denmark,84,84,Sporting,CM,Balanced,R,Powerhouse,Engine,Gladiator,
Hidemasa Morita,Japan,84,84,Sporting,CM,Balanced,R,Controller,Engine,Conductor,
Goncalo Inacio,Portugal,84,84,Sporting,CD,Balanced,L,Stopper,Passer,Libero,
Pedro Goncalves,Portugal,84,84,Sporting,WF,Balanced,R,Creator,Striker,Fantasista,
John O'Shea,Irish,78,78,Sunderland,CD,Balanced,R,Stopper,Commander,Leader,£2000000
Luka Modric,Croatia,85,90,Tottenham Hotspur,CM,Balanced,R,Controller,Creator,Playmaker,£55000000
Son Heung-min,South Korea,88,89,Tottenham Hotspur,WF,Balanced,E,Sprinter,Striker,Ghost,£80000000
Cristian Romero,Argentina,88,88,Tottenham Hotspur,CD,Attacking,R,Stopper,Powerhouse,Rock,£80000000
Guglielmo Vicario,Italy,87,87,Tottenham Hotspur,GK,Balanced,R,Acrobat,Distributor,All-Rounder,£60000000
Micky van de Ven ,Netherlands,86,86,Tottenham Hotspur,CD,Balanced,L,Stopper,Sprinter,Shadow,£60000000
Rodrigo Bentancur,Uruguay,86,86,Tottenham Hotspur,CM,Balanced,R,Engine,Commander,Driver,
Dejan Kulusevski,Sweden,85,85,Tottenham Hotspur,WF,Balanced,L,Creator,Passer,Maestro,
Pape Sarr,Senegal,85,85,Tottenham Hotspur,CM,Balanced,R,Engine,Powerhouse,Bison,
Richarlison,Brazil,85,85,Tottenham Hotspur,CF,Balanced,R,Striker,Engine,Poacher,
Timo Werner,Germany,85,85,Tottenham Hotspur,WF,Balanced,R,Sprinter,,Shuttler,
Yves Bissouma,Mali,84,84,Tottenham Hotspur,CM,Balanced,R,Controller,Dribbler,Carrier,£40000000
Giovani Lo Celso,Argentina,83,84,Tottenham Hotspur,CM,Attacking,L,Controller,Creator,Playmaker,
Radu Dragusin,Romania,84,84,Tottenham Hotspur,CD,Cautious,R,Stopper,Powerhouse,Rock,
Brennan Johnson,Wales,84,84,Tottenham Hotspur,WF,Balanced,R,Sprinter,Creator,Spark,
Emerson Royal,Brazil,83,84,Tottenham Hotspur,WD,Attacking,R,Sprinter,Engine,Shuttler,
Christian Eriksen,Denmark,83,83,Tottenham Hotspur,CM,Attacking,R,Passer,Creator,Radar,£25000000
Ryan Sessegnon,England,83,83,Tottenham Hotspur,WM,Balanced,L,Sprinter,Creator,Spark,
Manor Solomon,Israel,83,83,Tottenham Hotspur,WF,Attacking,R,Sprinter,Creator,Spark,
Ben Davies,Wales,83,83,Tottenham Hotspur,WD,Cautious,L,Cover,Stopper,Cornerback,
Bryan Gil,Spain,83,83,Tottenham Hotspur,WM,Attacking,L,Creator,Dribbler,Magician,
Oliver Skipp,England,82,82,Tottenham Hotspur,CM,Balanced,R,Controller,Engine,Conductor,
Will Lankshear,England,81,81,Tottenham Hotspur,CF,Attacking,R,Striker,Engine,Poacher,
Dele Alli,England,80,80,Tottenham Hotspur,CM,Attacking,R,Creator,Engine,Catalyst,£5000000
Jan Vertonghen,Belgium,80,80,Tottenham Hotspur,CD,Attacking,L,Stopper,Engine,Train,£60000000
Brandon Austin,England,79,79,Tottenham Hotspur,GK,Cautious,R,Acrobat,Commander,,
David de Gea,Spain,85,85,Unattached,GK,Cautious,R,Acrobat,Orthodox,Shotstopper,
Dani Parejo,Spain,85,85,Villarreal,CM,Balanced,R,Passer,Creator,Radar,
Gerard Moreno,Spain,85,85,Villarreal,CF,Balanced,R,Striker,Engine,Poacher,
Jorge Cuenca,Spain,85,85,Villarreal,CD,Balanced,L,Stopper,Cover,Shield,
Juan Foyth,Argentina,85,85,Villarreal,WD,Cautious,R,Cover,Stopper,Cornerback,
Yeremy Pino,Spain,84,84,Villarreal,WM,Attacking,R,Dribbler,Sprinter,Winger,
Lucas Paqueta,Brazil,88,88,West Ham,CM,Attacking,L,Creator,Passer,Maestro,£80000000
Mohamed Kudus,Ghana,88,88,West Ham,WF,Attacking,L,Creator,Dribbler,Magician,£70000000
Jarred Bowen,England,85,85,West Ham,WF,Balanced,L,Sprinter,Striker,Ghost,£50000000
Kurt Zouma,France,85,85,West Ham,CD,Cautious,R,Stopper,Aerial,Centre Back,
Dimitri Payet,France,84,84,West Ham,CM,Attacking,R,Creator,Striker,Fantasista,£60000000
Kalvin Phillips,England,84,84,West Ham,CM,Balanced,R,Cover,Engine,Guardian,£35000000
Edson Alvarez,Mexico,84,84,West Ham,CM,Cautious,R,Cover,Engine,Guardian,
Tomas Soucek,Czech Republic,83,83,West Ham,CM,Cautious,R,Aerial,Engine,Boxcrasher,£25000000
Manuel Lanzini,Argentina,82,82,West Ham,WM,Attacking,R,Creator,Dribbler,Magician,£30000000
Andre Ogbonna,Italy,81,81,West Ham,CD,Cautious,L,Stopper,Aerial,Centre Back,£18000000
Aaron Cresswell,England,80,80,West Ham,WD,Balanced,L,Passer,Cover,Provider,£25000000
Vladimir Coufal,Czech Republic,80,80,West Ham,WD,Cautious,R,Engine,Cover,Dynamo,£12000000
Matheus Cunha,Brazil,87,87,Wolves,CF,Balanced,R,Creator,Striker,Fantasista,£40000000
Pedro Neto,Portugal,86,86,Wolves,WF,Attacking,L,Dribbler,Sprinter,Winger,£60000000
Mario Lemina,Gabon,85,86,Wolves,CM,Balanced,R,Engine,Commander,Driver,
Mario Lemina,Gabon,84,85,Wolves,CM,Balanced,R,Engine,Commander,Driver,
Nelson Semedo,Portugal,84,84,Wolves,WD,Balanced,R,Sprinter,Cover,Flanker,£20000000
Pablo Sarabia,Spain,84,84,Wolves,WF,Attacking,L,Creator,Passer,Maestro,£15000000
Joao Gomes,Portugal,84,84,Wolves,CM,Balanced,R,Engine,Controller,Box-To-Box,
Hwang Hee-chan,South Korea,84,84,Wolves,WF,Attacking,L,Sprinter,Powerhouse,Athlete,
Jean-Ricner Bellegarde,France,84,84,Wolves,WM,Attacking,R,Dribbler,Creator,Wizard,
Craig Dawson,England,84,84,Wolves,CD,Cautious,R,Stopper,Cover,Shield,
Jose Sa,Portugal,83,83,Wolves,GK,Cautious,R,Orthodox,Distributor,Sentry,£10000000
Leander Dendoncker,Belgium,83,83,Wolves,CM,Cautious,R,Aerial,Engine,Boxcrasher,£10000000
Toti Gomes,Portugal,83,83,Wolves,CD,Cautious,L,Stopper,Powerhouse,Rock,
Tommy Doyle,Ireland,83,83,Wolves,CM,Balanced,R,Controller,Engine,Conductor,
Rayan Ait-Nouri,Algeria,83,83,Wolves,WD,Balanced,L,Sprinter,Cover,Flanker,
Boubacar Traore,Mali,83,83,Wolves,CM,Balanced,R,Engine,Controller,Box-To-Box,
Hugo Bueno,Spain,83,83,Wolves,WD,Attacking,L,Sprinter,Passer,Wing Back,
Enso Gonzalez,Paraguay,82,82,Wolves,WF,Attacking,L,Striker,Creator,Assassin,
Santiago Bueno,Uruguay,82,82,Wolves,CD,Balanced,R,Stopper,Powerhouse,Rock,
Matt Doherty,Ireland,81,81,Wolves,WD,Balanced,R,Engine,Cover,Dynamo,£25000000
Dan Bentley,England,81,81,Wolves,GK,Cautious,R,Acrobat,Orthodox,Shotstopper,
Tawanda Chirewa,Zimbabwe,79,79,Wolves,CM,Attacking,R,Creator,Sprinter,Livewire,
Tom King,Wales,79,79,Wolves,GK,Cautious,R,Orthodox,Acrobat,Wall,
Max Kilman,England,78,78,Wolves,CD,Balanced,L,Stopper,Controller,Lynchpin,£10000000
Nathan Fraser,England,77,77,Wolves,CF,Balanced,R,Creator,Dribbler,Magician,
Ty Barnett,England,77,77,Wolves,CM,Attacking,R,Creator,Dribbler,Magician,
Fletcher Holman,England,73,73,Wolves,CF,Balanced,R,Sprinter,Engine,Shuttler,
Martin Terrier,France,84,84,Rennes,WF,Attacking,R,Creator,Striker,Fantasista,
Alessandro Buongiorno,Italy,85,85,Torino,CD,Cautious,L,Stopper,Aerial,Centre Back,
Samuele Ricci,Italy,85,85,Torino,CM,Balanced,R,Controller,Engine,Conductor,
Nicolas Gonzalez,Argentina,84,84,Sampdoria,WF,Attacking,L,Creator,Dribbler,Magician,
Iliman N'Diaye,Senegal,85,85,OM,CM,Attacking,R,Creator,Dribbler,Magician,
Geoffrey Kondogbia,Central African Republic,84,84,OM,CM,Balanced,L,Powerhouse,Engine,Gladiator,
Matteo Guendouzi,France,83,83,OM,CM,Balanced,R,Cover,Commander,Anchor,
Sergio Ramos,Spain,86,86,Sevilla,CD,Attacking,R,Stopper,Commander,Leader,
Youssef En-Nesyri,Morocco,85,85,Sevilla,CF,Balanced,L,Striker,Aerial,Hitman,
Erik Lamela,Argentina,85,85,Sevilla,CM,Attacking,L,Creator,Dribbler,Magician,
Sebastian Szymanski,Poland,85,85,Fenerbache,CM,Attacking,L,Creator,Engine,Catalyst,
Dominik Livakovic,Croatia,85,85,Fenerbache,GK,Cautious,R,Acrobat,Orthodox,Shotstopper,
Ferdi Kadrioglu,Turkey,83,83,Fenerbache,WM,Balanced,R,Engine,Dribbler,Tornate,
David Carmo,Portugal,85,85,Olympiacos,CD,Balanced,L,Stopper,Aerial,Centre Back,
Vitinha,Portugal,84,84,Genoa,CF,Balanced,R,Engine,Striker,Livewire,
Hector Herrera,Mexico,83,83,Houston Dynamo,CM,Balanced,R,Engine,Creator,Heartbeat,
Neheun Perez,Argentina,84,84,Udinese,CD,Balanced,R,Stopper,Powerhouse,Rock,
Ivan Rakitić ,Croatia,85,88,Al-Shabab,CM,Balanced,R,Controller,Passer,Regista,
Roman Saiss,Morocco,84,84,Al-Shabab,CD,Balanced,R,Stopper,Commander,Leader,£8000000
Yannick Carrasco,Belgium,84,84,Al-Shabab,WM,Attacking,R,Creator,Dribbler,Magician,
Jean-Clair Todibo,France,85,85,OGC Nice,CD,Attacking,R,Stopper,Controller,Lynchpin,
Khephren Thuram,France,85,85,OGC Nice,CM,Balanced,R,Engine,Creator,Heartbeat,
Elye Wahi,France,85,85,RC Lens,CF,Balanced,R,Striker,Sprinter,Rocket,
Domenico Beradi,Italy,85,85,Sassuolo,WF,Attacking,L,Creator,Striker,Fantasista,
Josh Doig,Scotland,83,83,Sassuolo,WD,Balanced,L,Sprinter,Engine,Shuttler,
Joao Moutinho,Portugal,83,85,Braga,CM,Balanced,R,Controller,Passer,Regista,£40000000
Ricardo Horta,Portugal,84,85,Braga,WF,Attacking,R,Creator,Dribbler,Magician,
Jonathan David,Canada,85,85,Lille,CF,Attacking,R,Striker,Sprinter,Rocket,
Bafode Diakite,France,85,85,Lille,CD,Balanced,R,Stopper,Cover,Shield,
Mohamed Daramy,Denmark,85,85,Reims,WF,Attacking,R,Dribbler,Sprinter,Winger,
Jesper Karlsson,Sweden,84,84,Bologna,WF,Attacking,R,Creator,Dribbler,Magician,
Jose Gaya,Spain,85,85,Valencia,WD,Balanced,L,Sprinter,Engine,Shuttler,
Santi Cazorla,Spain,81,81,Real Oviedo,CM,Balanced,E,Controller,Creator,Playmaker,£20000000
Mathew Ryan,Australia,76,76,AZ,GK,Balanced,R,Distributor,Sweeper,Libero GK,£3000000
Joe Hart,England,79,79,Celtic,GK,Balanced,R,Orthodox,Acrobat,Wall,£50000000
Fernandinho,Brazil,84,84,Athletico Paranaense,CM,Cautious,R,Cover,Commander,Anchor,£40000000
Mario Balotelli,Italy,76,76,Adana Denirspor,CF,Attacking,R,Striker,Powerhouse,Rifle,£50000000
Philippe Coutinho,Brazil,85,87,Al-Duhail,WF,Attacking,R,Creator,Dribbler,Magician,£30000000
Edinson Cavani,Uruguay,84,84,Boca Juniors,CF,Balanced,R,Sprinter,Powerhouse,Athlete,£60000000
Ronaldo Nazario da Lima,Brazil,94,94,Retired,CF,Attacking,R,Striker,Creator,Assassin,£250000000
Thierry Henry,France,93,93,Retired,CF,Attacking,R,Striker,Creator,Assassin,£200000000
Gareth Bale,Wales,92,92,Retired,WF,Balanced,L,Striker,Sprinter,Rocket,£180000000
Edwin van der Sar,Netherlands,92,92,Retired,GK,Balanced,R,Distributor,Sweeper,Libero GK,£50000000
Nemanja Vidić,Serbia,92,92,Retired,CD,Cautious,R,Stopper,Powerhouse,Rock,£120000000
Steven Gerrard,England,92,92,Retired,CM,Balanced,R,Creator,Passer,Maestro,£100000000
David Beckham,England,92,92,Retired,WM,Balanced,R,Passer,Creator,Radar,£150000000
Petr Čech,Czech Republic,92,92,Retired,GK,Cautious,L,Orthodox,Commander,Sentinel,£100000000
Ashley Cole,England,92,92,Retired,WD,Balanced,L,Sprinter,Cover,Flanker,£120000000
Eden Hazard,Belgium,91,91,Retired,WF,Attacking,R,Creator,Dribbler,Magician,£120000000
Rio Ferdinand,England,91,91,Retired,CD,Balanced,R,Stopper,Controller,Lynchpin,£140000000
Fernando Torres,Spain,91,91,Retired,CF,Attacking,R,Striker,Powerhouse,Rifle,£120000000
Jaap Stam,Netherlands,91,91,Retired,CD,Balanced,R,Powerhouse,Stopper,Enforcer,£110000000
Wayne Rooney,England,91,91,Retired,CF,Balanced,R,Creator,Striker,Fantasista,£150000000
Patrick Vieira,France,91,91,Retired,CM,Balanced,R,Commander,Engine,General,£120000000
Vincent Kompany,Belgium,91,91,Retired,CD,Balanced,R,Stopper,Powerhouse,Rock,£80000000
Xabi Alonso,Spain,91,91,Retired,CM,Balanced,R,Controller,Passer,Regista,£90000000
Arjen Robben,Netherlands,91,91,Retired,WF,Attacking,L,Dribbler,Striker,Attacker,£110000000
David Silva,Spain,91,91,Retired,WF,Balanced,L,Controller,Creator,Playmaker,£90000000
Ryan Giggs,Wales,91,91,Retired,WM,Balanced,L,Dribbler,Creator,Wizard,£180000000
Peter Schmeichel,Denmark,91,91,Retired,GK,Balanced,R,Commander,Orthodox,Hawk,£70000000
Yaya Toure,Ivory Coast,90,90,Retired,CM,Balanced,R,Controller,Creator,Playmaker,£80000000
Didier Drogba,Ivory Coast,90,90,Retired,CF,Balanced,R,Striker,Powerhouse,Rifle,£100000000
Sol Campbell,England,90,90,Retired,CD,Cautious,R,Powerhouse,Stopper,Enforcer,£80000000
Paul Scholes,England,90,90,Retired,CM,Attacking,R,Passer,Creator,Radar,£90000000
Robin van Persie,Netherlands,90,90,Retired,CF,Attacking,L,Striker,Creator,Assassin,£90000000
Claude Makélélé,France,90,90,Retired,CM,Cautious,R,Cover,Commander,Anchor,£80000000
Frank Lampard,England,90,90,Retired,CM,Balanced,R,Creator,Engine,Catalyst,£140000000
John Terry,England,90,90,Retired,CD,Balanced,R,Commander,Stopper,Leader,£50000000
Ruud van Nistelrooy,Netherlands,90,90,Retired,CF,Attacking,R,Striker,Powerhouse,Rifle,£100000000
Dennis Bergkamp,Netherlands,90,90,Retired,CF,Attacking,R,Creator,Striker,Fantasista,£30000000
Mesut Ozil,Germany,90,90,Retired,CM,Attacking,L,Creator,Passer,Maestro,£80000000
Patrice Evra,France,90,90,Retired,WD,Balanced,L,Cover,Engine,Guardian,£100000000
Juan Sebastian Veron,Argentina,90,90,Retired,CM,Balanced,R,Controller,Creator,Playmaker,£5000000
Roy Keane,Ireland,89,89,Retired,CM,Balanced,R,Engine,Stopper,Destroyer,£70000000
Carlos Tevez,Argentina,89,89,Retired,CF,Balanced,R,Engine,Striker,Livewire,£80000000
Sergio Agüero,Argentina,89,89,Retired,CF,Attacking,R,Striker,Creator,Assassin,£90000000
Alan Shearer,England,89,89,Retired,CF,Attacking,R,Striker,Aerial,Hitman,£50000000
David Ginola,France,89,89,Retired,WM,Attacking,R,Creator,Dribbler,Magician,£110000000
Robert Pires,France,89,89,Retired,WM,Attacking,R,Creator,Dribbler,Magician,£80000000
Hugo Lloris,France,88,88,Retired,GK,Cautious,L,Acrobat,Sweeper,Hawk,£80000000
Michael Essien,Ghana,88,88,Retired,CM,Balanced,R,Engine,Powerhouse,Bison,£80000000
Marc Overmars,Netherlands,88,88,Retired,WM,Attacking,E,Dribbler,Sprinter,Winger,£110000000
Gael Clichy,France,88,88,Retired,WD,Balanced,E,Cover,Engine,Guardian,£50000000
Eric Cantona,France,87,87,Retired,CF,Attacking,R,Creator,Striker,Fantasista,£70000000
David de Gea,Spain,87,87,Retired,GK,Cautious,R,Acrobat,Orthodox,Shotstopper,£100000000
Freddie Ljungberg,Sweden,87,87,Retired,WM,Balanced,R,Creator,Dribbler,Magician,£70000000
Paul Pogba,England,87,87,Retired,CM,Balanced,R,Creator,Passer,Maestro,£80000000
William Gallas,France,87,87,Retired,CD,Balanced,R,Stopper,Cover,Shield,£60000000
Juan Mata,Spain,87,87,Retired,CM,Balanced,L,Creator,Passer,Maestro,£90000000
Andy Cole,England,87,87,Retired,CF,Attacking,R,Striker,Powerhouse,Rifle,£80000000
Samir Nasri,France,87,87,Retired,WM,Attacking,R,Creator,Dribbler,Magician,£70000000
Ricardo Carvalho,Portugal,86,86,Retired,CD,Cautious,R,Stopper,Cover,Shield,£60000000
Joe Cole,England,86,86,Retired,WM,Attacking,R,Creator,Passer,Maestro,£80000000
Gilberto Silva,Brazil,86,86,Retired,CM,Balanced,R,Cover,Commander,Anchor,£50000000
Gianfranco Zola,Italy,86,86,Retired,CF,Attacking,R,Creator,Striker,Fantasista,£40000000
Emmanuel Petit,France,86,86,Retired,CM,Balanced,L,Cover,Commander,Anchor,£20000000
Sami Hyypia,Finland,86,86,Retired,CD,Cautious,R,Commander,Stopper,Leader,£20000000
Steve McManaman,England,86,86,Retired,WM,Balanced,R,Dribbler,Engine,Outlet,£70000000
Pepe Reina,Spain,86,86,Retired,GK,Balanced,R,Distributor,Sweeper,Libero GK,£25000000
Cesc Fabregas,Spain,85,85,Retired,CM,Balanced,R,Creator,Passer,Maestro,£100000000
Dimitar Berbatov,Bulgaria,85,85,Retired,CF,Attacking,R,Aerial,Striker,Target,£20000000
Branislav Ivanović,Serbia,85,85,Retired,WD,Cautious,R,Powerhouse,Stopper,Enforcer,£50000000
Wes Brown,England,85,85,Retired,WD,Cautious,R,Cover,Powerhouse,Stalwart,£40000000
Harry Kewell,Australia,85,85,Retired,WF,Attacking,L,Creator,Striker,Fantasista,£60000000
Michael Owen,England,85,85,Retired,CF,Attacking,R,Sprinter,Striker,Ghost,£80000000
Ledley King,England,84,84,Retired,CD,Cautious,L,Stopper,Commander,Leader,£40000000
Kolo Toure,Ivory Coast,84,84,Retired,CD,Cautious,R,Powerhouse,Stopper,Enforcer,£40000000
Marcos Alonso,Spain,84,84,Retired,WD,Attacking,L,Engine,Creator,Heartbeat,£35000000
Park Ji-Sung,South Korea,84,84,Retired,CM,Balanced,R,Engine,Stopper,Destroyer,£30000000
Ian Wright,England,84,84,Retired,CF,Attacking,R,Striker,Creator,Assassin,£35000000
Aleksandar Kolarov,Serbia,84,84,Retired,WD,Balanced,L,Striker,Cover,Sniper,£40000000
Tony Adams,England,84,84,Retired,CD,Cautious,R,Commander,Stopper,Leader,£10000000
David Luiz,Brazil,84,84,Retired,CD,Attacking,R,Stopper,Passer,Libero,£80000000
Robbie Keane,Ireland,84,84,Retired,CF,Balanced,R,Striker,Engine,Poacher,£40000000
Paolo Di Canio,Italy,83,83,Retired,CF,Attacking,R,Creator,Striker,Fantasista,£20000000
Yannick Bolasie,DR Congo,83,83,Retired,WF,Attacking,R,Dribbler,Creator,Wizard,£35000000
Hatem Ben Arfa,France,83,83,Retired,WF,Attacking,L,Dribbler,Creator,Wizard,£40000000
Rafael van der Vaart,Netherlands,83,83,Retired,CM,Attacking,L,Creator,Passer,Maestro,£50000000
Damien Duff,Ireland,83,83,Retired,WF,Balanced,L,Dribbler,Creator,Wizard,£30000000
Steven Defour,Belgium,83,83,Retired,CM,Balanced,R,Controller,Passer,Regista,£7000000
Lukasz Fabianski,Poland,83,83,Retired,GK,Cautious,R,Acrobat,Orthodox,Shotstopper,£15000000
Denis Irwin,Ireland,83,83,Retired,WD,Balanced,R,Cover,Engine,Guardian,£35000000
Matt Le Tissier,England,83,83,Retired,CF,Attacking,R,Creator,Striker,Fantasista,£30000000
Jurgen Klinsmann,Germany,83,83,Retired,CF,Attacking,L,Striker,Aerial,Hitman,£15000000
Paul McGrath,Ireland,83,83,Retired,CD,Cautious,R,Stopper,Cover,Shield,£30000000
Jeffrey Schlupp,Ghana,83,83,Retired,WM,Balanced,L,Sprinter,Powerhouse,Juggernaut,£5000000
Darren Anderton,England,83,83,Retired,WM,Balanced,R,Creator,Dribbler,Magician,£20000000
Laurent Robert,France,83,83,Retired,WF,Attacking,L,Creator,Striker,Fantasista,£35000000
Trevor Sinclair,England,83,83,Retired,WM,Balanced,R,Creator,Engine,Catalyst,£40000000
Leighton Baines,England,83,83,Retired,WD,Attacking,L,Engine,Cover,Dynamo,£30000000
Ian Harte,Ireland,83,83,Retired,WD,Attacking,L,Striker,Cover,Sniper,£35000000
Dietmar Hamann,Germany,83,83,Retired,CM,Cautious,R,Engine,Stopper,Destroyer,£20000000
Gary Neville,England,82,82,Retired,WD,Balanced,R,Cover,Engine,Guardian,£40000000
Giovanni van Bronckhorst,Netherlands,82,82,Retired,WD,Attacking,L,Striker,Cover,Sniper,£25000000
Lauren,Cameroon,82,82,Retired,WD,Balanced,R,Powerhouse,Cover,Bulwark,£25000000
Kevin Phillips,England,82,82,Retired,CF,Balanced,R,Striker,Engine,Poacher,£30000000
Ole Gunnar Solskjær,Norway,82,82,Retired,CF,Balanced,R,Striker,Engine,Poacher,£30000000
Jermain Defoe,England,82,82,Retired,CF,Attacking,R,Striker,Creator,Assassin,£30000000
Papiss Cisse,Senegal,82,82,Retired,CF,Attacking,R,Striker,Powerhouse,Rifle,£30000000
Christopher Samba,DR Congo,82,82,Retired,CD,Balanced,R,Aerial,Stopper,Titan,£20000000
Graeme Le Saux,England,82,82,Retired,WD,Cautious,L,Passer,Cover,Provider,£25000000
Mahmadou Sakho,France,82,82,Retired,CD,Cautious,L,Stopper,Powerhouse,Rock,£20000000
Jamie Carragher,England,82,82,Retired,CD,Cautious,R,Stopper,Commander,Leader,£10000000
Martin Laursen,Denmark,82,82,Retired,CD,Cautious,R,Commander,Stopper,Leader,£25000000
Olof Mellberg,Sweden,82,82,Retired,CD,Cautious,R,Stopper,Commander,Leader,£10000000
Steve Bruce,England,82,82,Retired,CD,Cautious,R,Stopper,Commander,Leader,£10000000
Jose Enrique,Spain,82,82,Retired,WD,Balanced,L,Cover,Engine,Guardian,£20000000
Faustino Asprilla,Colombia,82,82,Retired,CF,Attacking,R,Striker,Creator,Assassin,£30000000
Luis Garcia,Spain,82,82,Retired,WF,Balanced,L,Creator,Dribbler,Magician,£30000000
Wes Morgan,Jamaica,82,82,Retired,CD,Cautious,R,Commander,Stopper,Leader,£10000000
Luis Boa Morte,Portugal,82,82,Retired,WF,Attacking,L,Creator,Dribbler,Magician,£10000000
Brede Hangeland,Norway,82,82,Retired,CD,Balanced,R,Aerial,Stopper,Titan,£2000000
Georgi Kinkladze,Georgia,82,82,Retired,WM,Attacking,L,Dribbler,Creator,Wizard,£20000000
Chieck Tiote,Ivory Coast,82,82,Retired,CM,Cautious,R,Engine,Stopper,Destroyer,£40000000
Tim Howard,USA,82,82,Retired,GK,Cautious,R,Acrobat,Orthodox,Shotstopper,£15000000
Kevin Mirallas,Belgium,82,82,Retired,WF,Attacking,R,Creator,Striker,Fantasista,£35000000
Joleon Lescott,England,82,82,Retired,CD,Balanced,L,Stopper,Powerhouse,Rock,£30000000
Gary Kelly,Scotland,82,82,Retired,WD,Balanced,R,Cover,Engine,Guardian,£25000000
Daniel Agger,Denmark,82,82,Retired,CD,Attacking,L,Striker,Cover,Sniper,£25000000
John Arne Riise,Norway,82,82,Retired,WD,Attacking,L,Striker,Cover,Sniper,£25000000
Rob Jones,England,82,82,Retired,WD,Balanced,R,Engine,Cover,Dynamo,£15000000
Danny Drinkwater,England,81,81,Retired,CM,Balanced,R,Controller,Passer,Regista,£10000000
Danny Murphy,England,81,81,Retired,CM,Balanced,R,Controller,Passer,Regista,£2000000
Colin Hendry,Scotland,81,81,Retired,CD,Cautious,R,Stopper,Commander,Leader,£5000000
Robert Huth,Germany,81,81,Retired,CD,Cautious,R,Aerial,Stopper,Titan,£10000000
Dean Ashton,England,81,81,Retired,CF,Balanced,R,Striker,Powerhouse,Rifle,£20000000
Nobby Solano,Peru,81,81,Retired,WM,Balanced,R,Passer,Creator,Radar,£15000000
Dwight Yorke,Trinidad & Tobago,81,81,Retired,CF,Balanced,R,Creator,Striker,Fantasista,£20000000
Mark Noble,England,81,81,Retired,CM,Balanced,R,Engine,Controller,Box-To-Box,£5000000
Yohan Cabaye,France,81,81,Retired,CM,Balanced,R,Controller,Passer,Regista,£10000000
David Seaman,England,81,81,Retired,GK,Cautious,R,Acrobat,Orthodox,Shotstopper,£5000000
Christian Fuchs,Austria,81,81,Retired,WD,Balanced,L,Engine,Cover,Dynamo,£20000000
Yossi Benayoun,England,81,81,Retired,WM,Balanced,R,Creator,Passer,Maestro,£15000000
Martin Keown,England,81,81,Retired,CD,Cautious,R,Stopper,Powerhouse,Rock,£12000000
Jason Puncheon,England,81,81,Retired,WF,Attacking,L,Creator,Dribbler,Magician,£3000000
Wayne Bridge,England,81,81,Retired,WD,Balanced,L,Engine,Cover,Dynamo,£30000000
Henning Berg,Norway,81,81,Retired,CD,Cautious,R,Stopper,Powerhouse,Rock,£15000000
Steve Finnan,Ireland,81,81,Retired,WD,Balanced,R,Engine,Cover,Dynamo,£15000000
Danny Rose,England,81,81,Retired,WD,Balanced,L,Cover,Engine,Guardian,£15000000
Toby Alderwireld,Belgium,81,81,Retired,CD,Balanced,R,Stopper,Passer,Libero,£80000000
Andrei Kanchelskis,Russia,81,81,Retired,WM,Balanced,R,Dribbler,Creator,Wizard,£25000000
Jonathan Woodgate,England,81,81,Retired,CD,Cautious,R,Stopper,Controller,Lynchpin,£30000000
Mark Viduka,Australia,81,81,Retired,CF,Attacking,R,Powerhouse,Striker,Spearhead,£20000000
Danny Mills,England,81,81,Retired,WD,Balanced,R,Cover,Powerhouse,Stalwart,£25000000
Gareth Barry,England,80,80,Retired,CD,Balanced,L,Stopper,Commander,Leader,£50000000
Tugay Kerimoglu,Turkey,80,80,Retired,CM,Balanced,R,Controller,Passer,Regista,£10000000
Gary Speed,Wales,80,80,Retired,CM,Balanced,R,Engine,Commander,Driver,£18000000
Morten Gamst Pedersen,Norway,80,80,Retired,WM,Balanced,E,Engine,Dribbler,Tornate,£15000000
Chris Sutton,England,80,80,Retired,CF,Attacking,R,Aerial,Striker,Target,£10000000
Emile Heskey,England,80,80,Retired,CF,Balanced,R,Aerial,Powerhouse,Colossus,£20000000
Peter Beardsley,England,80,80,Retired,CF,Attacking,R,Creator,Striker,Fantasista,£8000000
Attilio Lombardo,Italy,80,80,Retired,WF,Balanced,R,Creator,Engine,Catalyst,£20000000
Theo Walcott,England,80,80,Retired,WF,Balanced,R,Sprinter,Striker,Ghost,£15000000
Asamoah Gyan,Ghana,80,80,Retired,CF,Attacking,R,Striker,Creator,Assassin,£20000000
Steve Stone,England,80,80,Retired,WM,Balanced,R,Engine,Dribbler,Tornate,£13000000
Danny Simpson,England,80,80,Retired,WD,Cautious,R,Cover,Engine,Guardian,£12000000
Bryan Ruiz,Costa Rica,80,80,Retired,WF,Attacking,L,Creator,Striker,Fantasista,£20000000
Vedran Corluka,Croatia,80,80,Retired,WD,Balanced,R,Cover,Engine,Guardian,£9000000
Michael Dawson,England,80,80,Retired,CD,Cautious,R,Stopper,Commander,Leader,£10000000
Jonas Gutierrez,Argentina,80,80,Retired,WM,Balanced,L,Engine,Dribbler,Tornate,£20000000
Steven Pienaar,South Africa,80,80,Retired,WM,Balanced,R,Creator,Engine,Catalyst,£20000000
Tony Yeboah,Ghana,80,80,Retired,CF,Attacking,R,Powerhouse,Striker,Spearhead,£20000000
Lee Bowyer,England,80,80,Retired,CM,Balanced,R,Engine,Creator,Heartbeat,£15000000
Marouane Fellaini,Belgium,80,80,Retired,CM,Cautious,R,Aerial,Powerhouse,Colossus,£20000000
Tim Cahill,Australia,80,80,Retired,CM,Balanced,R,Aerial,Engine,Boxcrasher,£15000000
Thomas Gravesen,Denmark,80,80,Retired,CM,Balanced,R,Engine,Controller,Box-To-Box,£15000000
Jerzy Dudek,Poland,80,80,Retired,GK,Cautious,R,Acrobat,Orthodox,Shotstopper,£10000000
Nicky Butt,England,79,79,Retired,CM,Cautious,R,Engine,Stopper,Destroyer,£15000000
Shay Given,Ireland,79,79,Retired,GK,Cautious,R,Acrobat,Orthodox,Shotstopper,£10000000
Gareth Southgate,England,79,79,Retired,CM,Cautious,R,Commander,Stopper,Leader,£8000000
Clint Dempsey,USA,79,79,Retired,CF,Balanced,R,Engine,Striker,Livewire,£15000000
Robbie Brady,Ireland,79,79,Retired,WM,Balanced,L,Dribbler,Engine,Outlet,£10000000
Ryan Nelsen,New Zealand,79,79,Retired,CD,Cautious,R,Stopper,Powerhouse,Rock,£8000000
Stuart Ripley,England,79,79,Retired,WM,Balanced,R,Dribbler,Sprinter,Winger,£15000000
Kieran Richardson,England,79,79,Retired,WM,Balanced,L,Creator,Passer,Maestro,£5000000
Robbie Fowler,England,79,79,Retired,CF,Attacking,L,Striker,Creator,Assassin,£10000000
James Beattie,England,79,79,Retired,CF,Attacking,R,Striker,Aerial,Hitman,£10000000
Julio Arca,Argentina,79,79,Retired,WD,Attacking,L,Engine,Cover,Dynamo,£15000000
Jason Wilcox,England,79,79,Retired,WM,Balanced,L,Dribbler,Sprinter,Winger,£15000000
Scott Parker,England,79,79,Retired,CM,Balanced,R,Engine,Passer,Metronome,£10000000
Warren Barton,England,79,79,Retired,WD,Balanced,R,Cover,Engine,Guardian,£10000000
Roque Santa Cruz,Paraguay,79,79,Retired,CF,Attacking,R,Aerial,Striker,Target,£8000000
Ugo Ehiogu,England,79,79,Retired,CD,Cautious,R,Powerhouse,Stopper,Enforcer,£10000000
Papa Bouba Diop,Senegal,79,79,Retired,CM,Cautious,R,Powerhouse,Cover,Bulwark,£15000000
Fabricio Coloccini,Argentina,79,79,Retired,CD,Cautious,R,Stopper,Powerhouse,Rock,£20000000
Richard Dunne,Ireland,79,79,Retired,CD,Cautious,R,Stopper,Commander,Leader,£10000000
Christian Ziege,Germany,79,79,Retired,WD,Attacking,L,Engine,Cover,Dynamo,£15000000
Morgan Schneiderlin,France,79,79,Retired,CM,Cautious,R,Cover,Engine,Guardian,£25000000
Aaron Lennon,England,79,79,Retired,WM,Balanced,R,Dribbler,Creator,Wizard,£5000000
Jermaine Jenas,England,79,79,Retired,CM,Balanced,R,Creator,Engine,Catalyst,£15000000
Steve Potts,England,79,79,Retired,WD,Balanced,R,Engine,Cover,Dynamo,£12000000
Winston Reid,New Zealand,79,79,Retired,CD,Cautious,R,Stopper,Aerial,Centre Back,£12000000
David Unsworth,England,79,79,Retired,CD,Balanced,L,Stopper,Powerhouse,Rock,£5000000
Stuart Dallas,Scotland,79,79,Retired,WD,Balanced,R,Engine,Commander,Driver,£15000000
Lucas Radebe,South Africa,79,79,Retired,CD,Cautious,R,Stopper,Commander,Leader,£8000000
Kenwyne Jones,Trinidad & Tobago,79,79,Retired,CF,Attacking,R,Aerial,Striker,Target,£10000000
Steven Fletcher,Scotland,79,79,Retired,CF,Attacking,L,Aerial,Striker,Target,£10000000
Lee Hendrie,England,78,78,Retired,CM,Attacking,R,Engine,Creator,Heartbeat,£20000000
Niall Quinn,Ireland,78,78,Retired,CF,Balanced,R,Aerial,Striker,Target,£7000000
Rob Lee,England,78,78,Retired,CM,Balanced,R,Engine,Commander,Driver,£8000000
Rickie Lambert,England,78,78,Retired,CF,Attacking,R,Aerial,Striker,Target,£6000000
Juan Pablo Ángel,Colombia,78,78,Retired,CF,Attacking,R,Striker,Aerial,Hitman,£15000000
Stiliyan Petrov,Bulgaria,78,78,Retired,CM,Balanced,R,Controller,Engine,Regista,£5000000
Benni McCarthy,South Africa,78,78,Retired,CF,Attacking,R,Striker,Aerial,Hitman,£6000000
Jens Lehmann,Germany,78,78,Retired,GK,Cautious,R,Commander,Orthodox,Hawk,£5000000
Thomas Sorensen,Denmark,78,78,Retired,GK,Cautious,R,Orthodox,Acrobat,Wall,£8000000
David Batty,England,78,78,Retired,CM,Cautious,R,Cover,Engine,Guardian,£2000000
Anti Niemi,Finland,78,78,Retired,GK,Cautious,R,Orthodox,Acrobat,Wall,£6000000
Luka Milivojević,Serbia,78,78,Retired,CM,Balanced,R,Commander,Engine,General,£12000000
Dion Dublin,England,78,78,Retired,CF,Balanced,R,Aerial,Powerhouse,Colossus,£1000000
Carlo Cudicini,Italy,78,78,Retired,GK,Cautious,R,Acrobat,Orthodox,Shotstopper,£3000000
Stephane Sessegnon,Benin,78,78,Retired,CM,Attacking,R,Creator,Dribbler,Magician,£10000000
Pablo Zabaleta,Argentina,78,78,Retired,WD,Cautious,R,Cover,Powerhouse,Stalwart,£40000000
Ryan Bertrand,England,78,78,Retired,WD,Attacking,L,Sprinter,Cover,Flanker,£8000000
Marian Pahars,Latvia,78,78,Retired,CF,Attacking,R,Creator,Striker,Fantasista,£10000000
Dalian Atkinson,England,78,78,Retired,CF,Attacking,R,Striker,Creator,Assassin,£4000000
Claus Lundekvam,Norway,78,78,Retired,CD,Cautious,R,Stopper,Aerial,Centre Back,£8000000
Carlton Cole,England,78,78,Retired,CF,Balanced,R,Aerial,Powerhouse,Colossus,£8000000
Andy Johnson,England,78,78,Retired,CF,Balanced,R,Engine,Striker,Livewire,£20000000
Aaron Hughes,Northern Ireland,78,78,Retired,CD,Cautious,R,Stopper,Commander,Leader,£5000000
Chris Coleman,Wales,78,78,Retired,WD,Cautious,L,Stopper,Commander,Leader,£2500000
Steed Malbranque,France,78,78,Retired,WM,Balanced,R,Creator,Engine,Catalyst,£8000000
Sean Davis,England,78,78,Retired,CM,Balanced,R,Creator,Passer,Maestro,£2000000
Tomas Radzinski,Canada,78,78,Retired,CF,Balanced,L,Sprinter,Striker,Ghost,£5000000
Shaka Hislop,Trinidad & Tobago,78,78,Retired,GK,Cautious,R,Orthodox,Commander,Sentinel,£4000000
Bakary Sako,Mali,78,78,Retired,WF,Attacking,L,Creator,Striker,Fantasista,£7000000
Erik Thorstvedt,Denmark,78,78,Retired,GK,Cautious,R,Orthodox,Commander,Sentinel,£4000000
Ludek Miklosko,Czech Republic,78,78,Retired,GK,Cautious,R,Orthodox,Commander,Sentinel,£5000000
Tomas Repka,Czech Republic,78,78,Retired,CD,Cautious,R,Stopper,Powerhouse,Rock,£5000000
Leon Osman,England,78,78,Retired,WM,Balanced,R,Creator,Engine,Catalyst,£10000000
Nigel Martyn,England,78,78,Retired,GK,Cautious,R,Orthodox,Acrobat,Wall,£8000000
Alan Smith,England,78,78,Retired,CF,Balanced,R,Engine,Powerhouse,Bison,£10000000
Lee Carsley,Scotland,78,78,Retired,CM,Balanced,R,Engine,Stopper,Destroyer,£6000000
Steve Watson,England,78,78,Retired,WD,Balanced,R,Engine,Powerhouse,Bison,£8000000
Neville Southall,Wales,78,78,Retired,GK,Cautious,R,Orthodox,Commander,Sentinel,£5000000
Dominic Matteo,Scotland,78,78,Retired,CD,Cautious,L,Stopper,Powerhouse,Rock,£8000000
Michael Bridges,England,78,78,Retired,CF,Attacking,R,Striker,Engine,Poacher,£10000000
Francis Jeffers,England,78,78,Retired,CF,Attacking,L,Striker,Engine,Poacher,£10000000
Anders Svensson,Sweden,78,78,Retired,CM,Balanced,R,Engine,Controller,Box-To-Box,£5000000
Gabriel Agbonlahor,England,77,77,Retired,CF,Balanced,R,Sprinter,Striker,Ghost,£15000000
Clinton Morrison,Ireland,77,77,Retired,CF,Balanced,R,Striker,Powerhouse,Rifle,£5000000
Nathan Redmond,England,77,77,Retired,WF,Balanced,R,Dribbler,Sprinter,Winger,£2000000
Steve Walsh,England,77,77,Retired,CD,Cautious,R,Commander,Stopper,Leader,£250000
Neil Lennon,Northern Ireland,77,77,Retired,CM,Balanced,R,Engine,Stopper,Destroyer,£3000000
Darren Peacock,England,77,77,Retired,CD,Cautious,R,Stopper,Powerhouse,Rock,£5000000
Emerson Thome,Brazil,77,77,Retired,CD,Cautious,R,Powerhouse,Stopper,Enforcer,£3000000
Beram Kayal,Israel,77,77,Retired,CM,Balanced,R,Engine,Stopper,Destroyer,£5000000
Michael Gray,England,77,77,Retired,WD,Balanced,L,Cover,Engine,Guardian,£15000000
Brad Friedel,USA,77,77,Retired,GK,Cautious,R,Orthodox,Commander,Sentinel,£2000000
Tim Sherwood,England,77,77,Retired,CM,Balanced,R,Engine,Controller,Box-To-Box,£10000000
Jody Craddock,England,77,77,Retired,CD,Cautious,R,Stopper,Powerhouse,Rock,£4000000
Mark Bosnich,Australia,77,77,Retired,GK,Cautious,R,Acrobat,Orthodox,Shotstopper,£10000000
Stefan Schwarz,Sweden,77,77,Retired,CM,Balanced,R,Engine,Passer,Metronome,£4000000
Leonardo Ulloa,Argentina,77,77,Retired,CF,Balanced,R,Aerial,Striker,Target,£7000000
Nigel Winterburn,England,77,77,Retired,WD,Balanced,L,Cover,Engine,Guardian,£6000000
Philippe Albert,Belgium,77,77,Retired,CD,Attacking,L,Stopper,Controller,Lynchpin,£8000000
Lee Dixon,England,77,77,Retired,WD,Balanced,R,Cover,Engine,Guardian,£2500000
Scott Dann,England,77,77,Retired,CD,Cautious,R,Stopper,Aerial,Centre Back,£4000000
Lee Clark,England,77,77,Retired,CM,Balanced,R,Engine,Creator,Heartbeat,£4000000
Carlos Bocanegra,USA,77,77,Retired,CD,Cautious,L,Stopper,Commander,Leader,£3000000
Stephen Ward,Ireland,77,77,Retired,WD,Attacking,L,Engine,Cover,Dynamo,£7000000
Matt Jarvis,England,77,77,Retired,WM,Attacking,R,Dribbler,Creator,Wizard,£7000000
Claudio Bravo,Chile,77,77,Retired,GK,Balanced,R,Distributor,Sweeper,Libero GK,£8000000
Steve Lomas,Northern Ireland,77,77,Retired,CM,Balanced,R,Engine,Passer,Metronome,£7000000
Steven Taylor,England,77,77,Retired,CD,Cautious,R,Stopper,Powerhouse,Rock,£4000000
David Weir,Scotland,77,77,Retired,CD,Cautious,R,Stopper,Commander,Leader,£3000000
Phil Neville,England,77,77,Retired,CM,Balanced,R,Commander,Engine,General,£4000000
David Wetherall,England,77,77,Retired,CD,Cautious,R,Stopper,Commander,Leader,£2000000
Duncan Ferguson,Scotland,77,77,Retired,CF,Balanced,L,Aerial,Powerhouse,Colossus,£8000000
Brian Deane,England,77,77,Retired,CF,Balanced,R,Aerial,Striker,Target,£4000000
Mikel Arteta,Spain,77,77,Retired,CM,Balanced,R,Controller,Creator,Playmaker,£15000000
Kevin Kilbane,Ireland,77,77,Retired,WM,Attacking,L,Engine,Creator,Heartbeat,£1000000
Lucas Neill,Australia,76,76,Retired,WD,Balanced,R,Powerhouse,Stopper,Enforcer,£1000000
Lee Cattermole,England,76,76,Retired,CM,Cautious,R,Engine,Stopper,Destroyer,£4000000
James McArthur,Scotland,76,76,Retired,CM,Balanced,R,Engine,Controller,Box-To-Box,£2000000
Jason Dodd,England,76,76,Retired,WD,Balanced,R,Cover,Engine,Guardian,£3000000
Sam Vokes,Wales,76,76,Retired,CF,Balanced,R,Aerial,Powerhouse,Colossus,£3000000
Tom Heaton,England,76,76,Retired,GK,Cautious,R,Commander,Orthodox,Hawk,£3000000
Anthony Knockaert,France,76,76,Retired,WF,Attacking,L,Dribbler,Creator,Wizard,£4000000
Muzzy Izzet,Turkey,76,76,Retired,CM,Balanced,R,Engine,Controller,Box-To-Box,£1000000
Tim Flowers,England,76,76,Retired,GK,Cautious,R,Acrobat,Orthodox,Shotstopper,£3000000
Ian Taylor,England,76,76,Retired,CM,Balanced,R,Engine,Controller,Box-To-Box,£5000000
Steve Staunton,England,76,76,Retired,WD,Balanced,L,Cover,Engine,Guardian,£5000000
Damien Delaney,Ireland,76,76,Retired,CD,Cautious,R,Stopper,Powerhouse,Rock,£3000000
Manuel Almunia,Spain,76,76,Retired,GK,Cautious,R,Orthodox,Distributor,Sentry,£2000000
Darius Vassell,England,76,76,Retired,CF,Attacking,R,Sprinter,Striker,Ghost,£8000000
Michael Duff,Northern Ireland,76,76,Retired,CD,Cautious,R,Stopper,Powerhouse,Rock,£1000000
Dougie Freedman,Scotland,76,76,Retired,CF,Attacking,R,Aerial,Striker,Target,£3000000
Mark Schwarzer,Australia,76,76,Retired,GK,Cautious,R,Orthodox,Commander,Sentinel,£1000000
David Edwards,Wales,76,76,Retired,CM,Balanced,R,Engine,Controller,Box-To-Box,£1000000
Kasey Keller,USA,76,76,Retired,GK,Cautious,R,Orthodox,Commander,Sentinel,£2000000
Steffen Freund,Germany,76,76,Retired,CM,Balanced,R,Commander,Engine,General,£4000000
James Tomkins,England,76,76,Retired,CD,Cautious,R,Stopper,Aerial,Centre Back,£4000000
Dave Watson,England,76,76,Retired,CD,Cautious,R,Stopper,Commander,Leader,£500000
Craig Gardner,England,76,76,Retired,CM,Balanced,R,Engine,Passer,Metronome,£2500000
Rory Delap,Ireland,76,76,Retired,WM,Balanced,R,Powerhouse,Engine,Gladiator,
Steven Reid,Ireland,75,75,Retired,CM,Balanced,R,Engine,Powerhouse,Bison,£3000000
Alan Wright,England,75,75,Retired,WD,Balanced,L,Engine,Cover,Dynamo,£2000000
Michael Keane,England,75,75,Retired,CD,Balanced,R,Stopper,Cover,Shield,£2000000
Stephen Warnock,England,75,75,Retired,WD,Balanced,L,Engine,Cover,Dynamo,£2000000
Julian Joachim,England,75,75,Retired,CF,Attacking,R,Sprinter,Striker,Ghost,£3000000
Dale Stephens,England,75,75,Retired,CM,Balanced,R,Engine,Controller,Box-To-Box,£3000000
Ashley Barnes,Austria,75,75,Retired,CF,Balanced,R,Engine,Striker,Livewire,£2000000
David Dunn,England,75,75,Retired,CM,Attacking,R,Creator,Passer,Maestro,£2000000
Gabor Kiraly,England,75,75,Retired,GK,Cautious,R,Orthodox,Commander,Sentinel,£2000000
Glenn Murray,England,75,75,Retired,CF,Attacking,R,Aerial,Striker,Target,£1000000
Ian Walker,England,75,75,Retired,GK,Cautious,R,Acrobat,Orthodox,Shotstopper,£2000000
Mike Newell,England,75,75,Retired,CF,Balanced,R,Aerial,Striker,Target,£3000000
Bruno Saltor,Spain,75,75,Retired,WD,Balanced,R,Cover,Engine,Guardian,£2000000
Wayne Hennessey,Wales,75,75,Retired,GK,Cautious,R,Orthodox,Commander,Sentinel,£1000000
Garry Flitcroft,England,75,75,Retired,CM,Balanced,R,Engine,Passer,Metronome,£3000000
Ben Watson,England,75,75,Retired,CM,Balanced,R,Engine,Controller,Box-To-Box,£1000000
Karl Henry,England,75,75,Retired,CM,Balanced,R,Engine,Commander,Driver,£2000000
Alex McCarthy,England,75,75,Retired,GK,Cautious,R,Orthodox,Commander,Sentinel,£2000000
Shane Long,Ireland,75,75,Retired,CF,Balanced,R,Sprinter,Striker,Ghost,£5000000
Matthew Etherington,England,75,75,Retired,WM,Balanced,L,Dribbler,Engine,Outlet,£1000000
Jonny Howson,England,75,75,Retired,CM,Balanced,R,Engine,Controller,Box-To-Box,£1000000
John Lukic,England,75,75,Retired,GK,Cautious,R,Orthodox,Acrobat,Wall,£1000000
Danny Collins,Ireland,75,75,Retired,CD,Cautious,R,Stopper,Powerhouse,Rock,£2000000
Dean Whitehead,England,75,75,Retired,CM,Balanced,R,Engine,Passer,Metronome,£1000000
Julian Dicks,England,74,74,Retired,WD,Balanced,L,Powerhouse,Cover,Bulwark,£2000000
Mart Poom,Estonia,74,74,Retired,GK,Cautious,R,Orthodox,Commander,Sentinel,£2000000
Francis Benali,England,74,74,Retired,WD,Balanced,L,Cover,Engine,Guardian,£2500000
Gordon Greer,Scotland,74,74,Retired,CD,Cautious,R,Stopper,Cover,Shield,£1000000
Jeff Kenna,Ireland,74,74,Retired,WD,Balanced,R,Cover,Engine,Guardian,£2000000
Jonathan Parr,Sweden,74,74,Retired,WD,Balanced,L,Engine,Dribbler,Tornate,£2000000
Alan Hutton,Scotland,74,74,Retired,WD,Balanced,R,Engine,Cover,Dynamo,£1500000
Stanislav Varga,Slovakia,74,74,Retired,CD,Cautious,R,Stopper,Powerhouse,Rock,£2000000
Sebastian Larsson,Sweden,74,74,Retired,WM,Balanced,R,Passer,Creator,Radar,£1500000
Dean Marney,England,74,74,Retired,CM,Balanced,R,Engine,Creator,Heartbeat,£1500000
Moritz Volz,Germany,74,74,Retired,WD,Attacking,R,Engine,Cover,Dynamo,£1000000
Marcus Bettinelli,England,74,74,Retired,GK,Cautious,R,Orthodox,Distributor,Sentry,£1000000
Carl Ikeme,Nigeria,74,74,Retired,GK,Cautious,R,Orthodox,Commander,Sentinel,£1500000
Andy Hinchcliffe,England,74,74,Retired,WD,Balanced,L,Cover,Engine,Guardian,£1500000
Craig Gordon,Scotland,74,74,Retired,GK,Cautious,R,Aerial,Orthodox,Wall,£2500000
Grant Leadbitter,England,74,74,Retired,CM,Balanced,R,Engine,Commander,Driver,£2000000
Julián Speroni,Argentina,73,73,Retired,GK,Cautious,R,Acrobat,Orthodox,Shotstopper,£2500000
Nigel Spink,England,73,73,Retired,GK,Cautious,R,Orthodox,Commander,Sentinel,£50000
Kazenga LuaLua,DR Congo,73,73,Retired,WF,Attacking,R,Dribbler,Sprinter,Winger,£2500000
Rufus Brevett,England,73,73,Retired,WD,Balanced,L,Cover,Engine,Guardian,£1500000
Richard Stearman,England,73,73,Retired,CD,Cautious,R,Stopper,Commander,Leader,£1000000
Graham Branch,England,72,72,Retired,WD,Balanced,L,Engine,Cover,Dynamo,£500000
Danny Butterfield,England,72,72,Retired,WD,Balanced,R,Engine,Powerhouse,Bison,£500000
Brian Jensen,Denmark,71,71,Retired,GK,Cautious,R,Orthodox,Commander,Sentinel,£1000000
David Stockdale,England,71,71,Retired,GK,Cautious,R,Acrobat,Orthodox,Shotstopper,£500000
Serhou Guirassy,Guinea,86,86,Stuttgart,CF,Attacking,E,Striker,Powerhouse,Rifle,
James McAtee,England,84,84,Sheffield United,WF,Attacking,L,Creator,Dribbler,Magician,
Ben Brereton Diaz,Chile,83,84,Sheffield United,CF,Attacking,R,Sprinter,Striker,Ghost,
Cameron Archer,England,83,83,Sheffield United,CF,Attacking,R,Sprinter,Striker,Ghost,
Jayden Bogle,England,83,83,Sheffield United,WD,Balanced,R,Sprinter,Engine,Shuttler,
Anel Ahmedhodzic,Bosnia and Herzegovina,83,83,Sheffield United,CD,Attacking,R,Stopper,Engine,Train,
Vinicius Souza,Brazil,83,83,Sheffield United,CM,Balanced,R,Controller,Powerhouse,,
Gustavo Hamer,Brazil,83,83,Sheffield United,CM,Attacking,R,Creator,Engine,Catalyst,
Oliver Norwood,Northern Ireland,83,83,Sheffield United,CM,Balanced,R,Passer,Engine,Director,
Max Lowe,England,83,83,Sheffield United,WD,Attacking,L,Sprinter,Passer,Wing Back,
John Egan,Ireland,83,83,Sheffield United,CD,Cautious,R,Stopper,Commander,Leader,
Tom Davies,England,82,83,Sheffield United,CM,Balanced,R,Engine,Controller,Box-To-Box,
Rhian Brewster,England,83,83,Sheffield United,CF,Attacking,R,Striker,Sprinter,Rocket,
Ben Osborn,England,82,82,Sheffield United,WM,Balanced,L,Engine,Passer,Metronome,
Wes Foderingham,England,81,82,Sheffield United,GK,Balanced,L,Acrobat,Distributor,All-Rounder,
Will Osula,Denmark,82,82,Sheffield United,CF,Balanced,R,Powerhouse,Engine,Gladiator,
Yasser Larouci,Algeria,82,82,Sheffield United,WD,Attacking,L,Sprinter,Engine,Shuttler,
George Baldock,Greece,82,82,Sheffield United,WM,Balanced,R,Engine,Cover,Dynamo,
Anis Ben Slimane,Tunisia,82,82,Sheffield United,CM,Balanced,R,Engine,Stopper,Destroyer,
Auston Trusty,USA,82,82,Sheffield United,CD,Cautious,L,Stopper,Aerial,Centre Back,
Chris Basham,England,82,82,Sheffield United,CD,Balanced,R,Stopper,Engine,Train,
Adam Davies,Wales,82,82,Sheffield United,GK,Cautious,R,Acrobat,Orthodox,Shotstopper,
Mason Holgate,England,81,81,Sheffield United,CD,Cautious,R,Stopper,Powerhouse,Rock,
Ollie Arblaster,England,81,81,Sheffield United,CM,Balanced,R,Engine,Commander,Driver,
Ivo Grbic,Croatia,81,81,Sheffield United,GK,Balanced,R,Orthodox,Commander,Sentinel,
Andre Brooks,USA,81,81,Sheffield United,CM,Balanced,L,Engine,Commander,Driver,
Jack Robinson,England,81,81,Sheffield United,CD,Cautious,L,Stopper,Commander,Leader,
Daniel Jebbison,Canada,81,81,Sheffield United,CF,Attacking,R,Sprinter,Striker,Ghost,
Rhys Norrington-Davies,Wales,80,80,Sheffield United,WD,Balanced,L,Engine,Sprinter,Shuttler,
Jordan Amissah,Germany,78,78,Sheffield United,GK,Balanced,R,Aerial,Orthodox,,
Sam Curtis,Irish,78,78,Sheffield United,WD,Balanced,R,Engine,Cover,Dynamo,
Scott Twine,England,83,83,Bristol City,CM,Attacking,R,Creator,Striker,Fantasista,
Dominic Solanke,England,87,87,Bournemouth,CF,Balanced,R,Powerhouse,Striker,Spearhead,
Tyler Adams,USA,85,85,Bournemouth,CM,Balanced,R,Engine,Stopper,Destroyer,
Marcos Senesi,Argentina,85,85,Bournemouth,CD,Balanced,R,Stopper,Commander,Leader,
Justin Kluivert,Netherlands,85,85,Bournemouth,CM,Attacking,R,Creator,Sprinter,Livewire,
Lewis Cook,England,83,84,Bournemouth,CM,Balanced,R,Engine,Controller,Box-To-Box,
Alex Scott,England,84,84,Bournemouth,CM,Balanced,R,Creator,Engine,Catalyst,
Philip Billing,Denmark,84,84,Bournemouth,CM,Balanced,L,Creator,Engine,Catalyst,
Ryan Christie,Scotland,84,84,Bournemouth,CM,Balanced,L,Engine,Creator,Heartbeat,
Antoine Semenyo,Ghana,84,84,Bournemouth,WF,Attacking,R,Sprinter,Dribbler,Flash,
Luis Sinisterra,Colombia,84,84,Bournemouth,WF,Attacking,R,Sprinter,Dribbler,Flash,
Neto,Brazil,84,84,Bournemouth,GK,Balanced,R,Acrobat,Sweeper,Hawk,
Enes Unal,Turkey,84,84,Bournemouth,CF,Attacking,R,Striker,Powerhouse,Rifle,
Chris Mepham,Wales,84,84,Bournemouth,CD,Balanced,R,Stopper,Cover,Shield,
Illya Zabarnyi,Ukraine,84,84,Bournemouth,CD,Balanced,R,Stopper,Cover,Shield,
Marcus Tavernier,England,84,84,Bournemouth,WF,Balanced,L,Creator,Dribbler,Magician,
Dango Outtara,Burkina Faso,84,84,Bournemouth,WF,Attacking,L,Creator,Engine,Catalyst,
Milos Kerkez,Hungary,84,84,Bournemouth,WD,Attacking,L,Engine,Cover,Dynamo,
Ryan Fredericks,England,82,83,Bournemouth,WD,Balanced,R,Sprinter,Engine,Shuttler,
Lloyd Kelly,England,83,83,Bournemouth,CD,Balanced,L,Stopper,Controller,Lynchpin,
Romain Faivre,France,83,83,Bournemouth,CM,Balanced,L,Creator,Dribbler,Magician,
Adam Smith,England,83,83,Bournemouth,WD,Balanced,R,Engine,Commander,Driver,
Max Aarons,England,83,83,Bournemouth,WD,Balanced,R,Sprinter,Engine,Shuttler,
Ionut Radu,Romania,83,83,Bournemouth,GK,Cautious,R,Acrobat,Sweeper,Hawk,
Mark Travers,Irish,82,82,Bournemouth,GK,Cautious,R,Acrobat,Orthodox,Shotstopper,
James Hill,England,82,82,Bournemouth,CD,Balanced,R,Stopper,Powerhouse,Rock,
Darren Randolph,Irish,82,82,Bournemouth,GK,Balanced,R,Acrobat,Commander,,
Dominic Sadi,England,82,82,Bournemouth,CM,Attacking,L,Creator,Engine,Catalyst,
Gabriel Slonina,USA,80,80,Eupen,GK,Balanced,R,Acrobat,Orthodox,Shotstopper,
Claudio Echeverri,Argentina,82,82,River Plate,CM,Attacking,R,Controller,Dribbler,Carrier,
Ashley Westwood,England,82,83,Charlotte FC,CM,Balanced,R,Engine,Passer,Metronome,£2000000
Facundo Pellestri,Uruguay,83,83,Granada,WM,Balanced,R,Creator,Dribbler,Magician,
Mason Greenwood,England,85,85,Getafe,WF,Attacking,E,Striker,Sprinter,Rocket,
Anthony Gordon,England,86,86,Newcastle United,WF,Attacking,R,Creator,Engine,Catalyst,
Fabian Schar,Switzerland,85,85,Newcastle United,CD,Attacking,R,Stopper,Striker,Hammer,
Loris Karius,Germany,83,84,Newcastle United,GK,Cautious,R,Acrobat,Orthodox,Shotstopper,
Sean Longstaff,England,83,84,Newcastle United,CM,Balanced,R,Engine,Cover,Dynamo,
Jacob Murphy,England,83,84,Newcastle United,WM,Balanced,R,Sprinter,Engine,Shuttler,
Tino Livramento,England,83,84,Newcastle United,WD,Balanced,R,Engine,Powerhouse,Bison,
Paul Dummett,England,81,83,Newcastle United,WD,Balanced,L,Cover,Engine,Guardian,
Lewis Miley,England,83,83,Newcastle United,CM,Balanced,R,Controller,Engine,Conductor,
Joe Willock,England,83,83,Newcastle United,CM,Attacking,R,Creator,Engine,Catalyst,
Matt Targett,England,82,83,Newcastle United,WD,Balanced,L,Engine,Sprinter,Shuttler,
Jamal Lewis,England,82,83,Newcastle United,WD,Attacking,L,Sprinter,Engine,Shuttler,
Lewis Hall,England,82,83,Newcastle United,WD,Balanced,L,Engine,Sprinter,Shuttler,
Emil Krafth,Sweden,82,83,Newcastle United,WD,Balanced,R,Sprinter,Engine,Shuttler,
Matt Ritchie,Scotland,82,83,Newcastle United,WM,Balanced,L,Engine,Creator,Heartbeat,
Elliot Anderson,Scotland,81,82,Newcastle United,CM,Balanced,R,Engine,Creator,Heartbeat,
Mark Gillespie,Irish,80,81,Newcastle United,GK,Cautious,R,Acrobat,Orthodox,Shotstopper,
Alphonse Areola,France,85,85,West Ham United,GK,Cautious,R,Acrobat,Orthodox,Shotstopper,
Michail Antonio,Jamaica,84,84,West Ham United,CF,Balanced,R,Powerhouse,Aerial,Tank,
Emerson Palmieri,Italy,84,84,West Ham United,WD,Attacking,L,Sprinter,Engine,Shuttler,
Maxwell Cornet,Ivory Coast,83,83,West Ham United,WM,Attacking,L,Sprinter,Creator,Spark,
Konstantinos Mavropanos,Greece,83,83,West Ham United,CD,Cautious,R,Powerhouse,Aerial,Tank,
Ben Johnson,England,83,83,West Ham United,WD,Balanced,R,Engine,Sprinter,Shuttler,
Nayef Aguerd,Morocco,83,83,West Ham United,CD,Balanced,L,Stopper,Aerial,Centre Back,
Levi Laing,England,82,82,West Ham United,CD,Cautious,R,Passer,Cover,Provider,
Divin Mubama,England,81,81,West Ham United,CF,Balanced,R,Creator,Sprinter,Livewire,
Luizao,Brazil,81,81,West Ham United,CD,Balanced,L,Stopper,Powerhouse,Rock,
Lewis Orford,England,80,80,West Ham United,CM,Balanced,R,Creator,Dribbler,Magician,
Joseph Anang,England,80,80,West Ham United,GK,Balanced,R,Orthodox,Distributor,Sentry,
Kaelan Casey,England,80,80,West Ham United,CD,Balanced,R,Stopper,Passer,Libero,
George Earthy,England,78,78,West Ham United,CM,Attacking,R,Creator,Dribbler,Magician,
Jonny,Portugal,82,84,PAOK,WD,Balanced,R,Engine,Cover,Dynamo,£8000000
Mads Bidstrup,Denmark,82,82,RB Salzburg,CM,Balanced,R,Engine,Commander,Driver,
George Boyd,Scotland,68,82,Wythenshawe Town.,WF,Balanced,L,Creator,Engine,Catalyst,£1000000
Joe White,England,80,80,Crewe Alexandra,CM,Balanced,L,Creator,Engine,Catalyst,
Harvey Griffiths,England,73,73,Walsall,CM,Balanced,R,Controller,Commander,,
Diego Costa,Spain,79,79,Botafogo,CF,Balanced,R,Powerhouse,Striker,Spearhead,£50000000
Oscar,Brazil,84,87,Shanghai Port,CM,Attacking,R,Creator,Dribbler,Magician,£80000000
Nemanja Matic,Serbia,82,82,OL,CM,Cautious,L,Commander,Engine,General,£40000000
Mateusz Klich,Poland,81,81,DC United,CM,Balanced,R,Engine,Creator,Heartbeat,£10000000