Name,Active,Nation,Club,Primary Class,Secondary Class,Position,Model,Level,Value,Decisions,Composure,Tempo,First Touch,Leadership,Communication,Drive,Discipline,Guile,Vision,Movement,Flair,Balace,Set Piece,Carries,Penalty,Long,Close,Through,Range,Accuracy,Cross,Takeons,Skills,Anticipation,Stamina,Recovery,Pressing,Intensity,Tackling,Marking,Blocking,Bravery,Positioning,Concentraion,Awareness,Aerial Duels,Reactions,Pace,Acceleration,Agility,Physicality,Hold Up,Duels,Aggression,Coordination,Jumping,Heading
Kylian Mbappe,checked,France,PSG,Sprinter,Striker,Wide Forward,Flash,94,£200000000.0,Average,Average,Average,Average,Average,Average,Average,Average,Average,Average,Average,Average,Average,Average,Average,Average,Average,Average,Average,Average,Average,Average,Average,Average,Average,Average,Average,Average,Average,Average,Average,Average,Average,Average,Average,Average,Average,Average,Average,Average,Average,Average,Average,Average,Average,Average,Average,Average
Kevin De Bruyne,checked,Belgium,Manchester City,Creator,Passer,Central Midfielder,Maestro,94,£120000000.0,,,,,,,,,,,,,,,,,,,,,,,,,,,,,,,,,,,,,,,,,,,,,,,,
Rodri,checked,Spain,Manchester City,Controller,Passer,Central Midfielder,Regista,94,£120000000.0,,,,,,,,,,,,,,,,,,,,,,,,,,,,,,,,,,,,,,,,,,,,,,,,
Jude Bellingham,checked,England,Real Madrid,Creator,Engine,Central Midfielder,Catalyst,94,£180000000.0,Average,Average,Average,Average,Average,Average,Average,Average,Average,Average,Average,Average,Average,Average,Average,Average,Average,Average,Average,Average,Average,Average,Average,Average,Average,Average,Average,Average,Average,Average,Average,Average,Average,Average,Average,Average,Average,Average,Average,Average,Average,Average,Average,Average,Average,Average,Average,Average
Erling Haaland,checked,Norway,Manchester City,Powerhouse,Striker,Central Forward,Spearhead,93,£100000000.0,,,,,,,,,,,,,,,,,,,,,,,,,,,,,,,,,,,,,,,,,,,,,,,,
Ederson,checked,Brazil,Manchester City,Distributor,Sweeper,Keeper,Libero GK,92,£80000000.0,,,,,,,,,,,,,,,,,,,,,,,,,,,,,,,,,,,,,,,,,,,,,,,,
Virgil van Dijk,checked,Netherlands,Liverpool,Aerial,Stopper,Central Defender,Tower,92,£80000000.0,,,,,,,,,,,,,,,,,,,,,,,,,,,,,,,,,,,,,,,,,,,,,,,,
Ruben Dias,checked,Portugal,Manchester City,Stopper,Controller,Central Defender,Lynchpin,92,£100000000.0,Average,Average,Average,Average,Average,Average,Average,Average,Average,Average,Average,Average,Average,Average,Average,Average,Average,Average,Average,Average,Average,Average,Average,Average,Average,Average,Average,Average,Average,Average,Average,Average,Average,Average,Average,Average,Average,Average,Average,Average,Average,Average,Average,Average,Average,Average,Average,Average
Declan Rice,checked,England,West Ham,Engine,Commander,Central Midfielder,Driver,92,£150000000.0,,,,,,,,,,,,,,,,,,,,,,,,,,,,,,,,,,,,,,,,,,,,,,,,
Mohamed Salah,checked,Egypt,Liverpool,Creator,Striker,Wide Forward,Trequartista,91,£120000000.0,,,,,,,,,,,,,,,,,,,,,,,,,,,,,,,,,,,,,,,,,,,,,,,,
Rafael Leao,checked,Portugal,AC Milan,Striker,Sprinter,Wide Forward,Rocket,91,£140000000.0,Average,Average,Average,Average,Average,Average,Average,Average,Average,Average,Average,Average,Average,Average,Average,Average,Average,Average,Average,Average,Average,Average,Average,Average,Average,Average,Average,Average,Average,Average,Average,Average,Average,Average,Average,Average,Average,Average,Average,Average,Average,Average,Average,Average,Average,Average,Average,Average
William Saliba,checked,France,Arsenal,Stopper,Controller,Central Defender,Lynchpin,91,£90000000.0,Average,Average,Average,Average,Average,Average,Average,Average,Average,Average,Average,Average,Average,Average,Average,Average,Average,Average,Average,Average,Average,Average,Average,Average,Average,Average,Average,Average,Average,Average,Average,Average,Average,Average,Average,Average,Average,Average,Average,Average,Average,Average,Average,Average,Average,Average,Average,Average
Martin Odegaard,checked,Norway,Arsenal,Creator,Engine,Central Midfielder,Catalyst,91,£120000000.0,Average,Average,Average,Average,Average,Average,Average,Average,Average,Average,Average,Average,Average,Average,Average,Average,Average,Average,Average,Average,Average,Average,Average,Average,Average,Average,Average,Average,Average,Average,Average,Average,Average,Average,Average,Average,Average,Average,Average,Average,Average,Average,Average,Average,Average,Average,Average,Average
Phil Foden,checked,England,Manchester City,Creator,Striker,Central Midfielder,Trequartista,91,£150000000.0,Average,Average,Average,Average,Average,Average,Average,Average,Average,Average,Average,Average,Average,Average,Average,Average,Average,Average,Average,Average,Average,Average,Average,Average,Average,Average,Average,Average,Average,Average,Average,Average,Average,Average,Average,Average,Average,Average,Average,Average,Average,Average,Average,Average,Average,Average,Average,Average
Harry Kane,checked,England,Tottenham Hotspur,Striker,Aerial,Central Forward,Hitman,91,£150000000.0,,,,,,,,,,,,,,,,,,,,,,,,,,,,,,,,,,,,,,,,,,,,,,,,
Alisson Becker,checked,Brazil,Liverpool,Acrobat,Distributor,Keeper,Cat,90,£100000000.0,,,,,,,,,,,,,,,,,,,,,,,,,,,,,,,,,,,,,,,,,,,,,,,,
Vinicius Juinor,checked,Brazil,Real Madrid,Creator,Dribbler,Wide Forward,Magician,90,£140000000.0,Average,Average,Average,Average,Average,Average,Average,Average,Average,Average,Average,Average,Average,Average,Average,Average,Average,Average,Average,Average,Average,Average,Average,Average,Average,Average,Average,Average,Average,Average,Average,Average,Average,Average,Average,Average,Average,Average,Average,Average,Average,Average,Average,Average,Average,Average,Average,Average
Bernardo Silva,checked,Portugal,Manchester City,Creator,Engine,Central Midfielder,Catalyst,90,£120000000.0,,,,,,,,,,,,,,,,,,,,,,,,,,,,,,,,,,,,,,,,,,,,,,,,
Florian Wirtz,checked,Germany,Leverkusen,Creator,Dribbler,Central Midfielder,Magician,90,£120000000.0,Average,Average,Average,Average,Average,Average,Average,Average,Average,Average,Average,Average,Average,Average,Average,Average,Average,Average,Average,Average,Average,Average,Average,Average,Average,Average,Average,Average,Average,Average,Average,Average,Average,Average,Average,Average,Average,Average,Average,Average,Average,Average,Average,Average,Average,Average,Average,Average
Ernesto Valverde,checked,Uruguay,Real Madrid,Engine,Commander,Central Midfielder,Driver,90,£110000000.0,Average,Average,Average,Average,Average,Average,Average,Average,Average,Average,Average,Average,Average,Average,Average,Average,Average,Average,Average,Average,Average,Average,Average,Average,Average,Average,Average,Average,Average,Average,Average,Average,Average,Average,Average,Average,Average,Average,Average,Average,Average,Average,Average,Average,Average,Average,Average,Average
Lautaro Martinez,checked,Argentina,Inter Milan,Creator,Striker,Central Forward,Trequartista,90,£110000000.0,Average,Average,Average,Average,Average,Average,Average,Average,Average,Average,Average,Average,Average,Average,Average,Average,Average,Average,Average,Average,Average,Average,Average,Average,Average,Average,Average,Average,Average,Average,Average,Average,Average,Average,Average,Average,Average,Average,Average,Average,Average,Average,Average,Average,Average,Average,Average,Average
Bukayo Saka,checked,England,Arsenal,Dribbler,Striker,Wide Forward,Attacker,89,£110000000.0,,,,,,,,,,,,,,,,,,,,,,,,,,,,,,,,,,,,,,,,,,,,,,,,
Cristian Romero,checked,Argentina,Tottenham Hotspur,Stopper,Powerhouse,Central Defender,Rock,89,£80000000.0,Average,Average,Average,Average,Average,Average,Average,Average,Average,Average,Average,Average,Average,Average,Average,Average,Average,Average,Average,Average,Average,Average,Average,Average,Average,Average,Average,Average,Average,Average,Average,Average,Average,Average,Average,Average,Average,Average,Average,Average,Average,Average,Average,Average,Average,Average,Average,Average
Nicolo Barella,checked,Italy,Inter Milan,Engine,Commander,Central Midfielder,Driver,89,£90000000.0,Average,Average,Average,Average,Average,Average,Average,Average,Average,Average,Average,Average,Average,Average,Average,Average,Average,Average,Average,Average,Average,Average,Average,Average,Average,Average,Average,Average,Average,Average,Average,Average,Average,Average,Average,Average,Average,Average,Average,Average,Average,Average,Average,Average,Average,Average,Average,Average
Bruno Guimaraes,checked,Brazil,Newcastle,Creator,Engine,Central Midfielder,Catalyst,89,£80000000.0,Average,Average,Average,Average,Average,Average,Average,Average,Average,Average,Average,Average,Average,Average,Average,Average,Average,Average,Average,Average,Average,Average,Average,Average,Average,Average,Average,Average,Average,Average,Average,Average,Average,Average,Average,Average,Average,Average,Average,Average,Average,Average,Average,Average,Average,Average,Average,Average
Victor Osimhen,checked,Nigeria,Napoli,Aerial,Powerhouse,Central Forward,Bomber,89,£90000000.0,Average,Average,Average,Average,Average,Average,Average,Average,Average,Average,Average,Average,Average,Average,Average,Average,Average,Average,Average,Average,Average,Average,Average,Average,Average,Average,Average,Average,Average,Average,Average,Average,Average,Average,Average,Average,Average,Average,Average,Average,Average,Average,Average,Average,Average,Average,Average,Average
Emiliano Martinez,checked,Argentina,Aston Villa,Commander,Orthodox,Keeper,Hawk,88,£50000000.0,,,,,,,,,,,,,,,,,,,,,,,,,,,,,,,,,,,,,,,,,,,,,,,,
Guglielmo Vicario,checked,Italy,Tottenham Hotspur,Acrobat,Distributor,Keeper,Cat,88,£60000000.0,,,,,,,,,,,,,,,,,,,,,,,,,,,,,,,,,,,,,,,,,,,,,,,,
Trent Alexander-Arnold,checked,England,Liverpool,Passer,Creator,Wide Defender,Radar,88,£100000000.0,,,,,,,,,,,,,,,,,,,,,,,,,,,,,,,,,,,,,,,,,,,,,,,,
Andy Robertson,checked,Scotland,Liverpool,Cover,Engine,Wide Defender,Fullback,88,£70000000.0,,,,,,,,,,,,,,,,,,,,,,,,,,,,,,,,,,,,,,,,,,,,,,,,
Kyle Walker,checked,England,Manchester City,Sprinter,Cover,Wide Defender,Flanker,88,£60000000.0,,,,,,,,,,,,,,,,,,,,,,,,,,,,,,,,,,,,,,,,,,,,,,,,
Joshua Kimmich,checked,Germany,Bayern Munich,Commander,Engine,Wide Defender,General,88,£75000000.0,Average,Average,Average,Average,Average,Average,Average,Average,Average,Average,Average,Average,Average,Average,Average,Average,Average,Average,Average,Average,Average,Average,Average,Average,Average,Average,Average,Average,Average,Average,Average,Average,Average,Average,Average,Average,Average,Average,Average,Average,Average,Average,Average,Average,Average,Average,Average,Average
Jack Grealish,checked,England,Aston Villa,Dribbler,Creator,Wide Forward,Wizard,88,£80000000.0,,,,,,,,,,,,,,,,,,,,,,,,,,,,,,,,,,,,,,,,,,,,,,,,
Son Heung-min,checked,South Korea,Tottenham Hotspur,Sprinter,Striker,Wide Forward,Flash,88,£80000000.0,,,,,,,,,,,,,,,,,,,,,,,,,,,,,,,,,,,,,,,,,,,,,,,,
Leroy Sane,checked,Germany,Manchester City,Dribbler,Striker,Wide Forward,Attacker,88,£75000000.0,,,,,,,,,,,,,,,,,,,,,,,,,,,,,,,,,,,,,,,,,,,,,,,,
Raphinha,checked,Brazil,Leeds,Creator,Striker,Wide Forward,Trequartista,88,£70000000.0,,,,,,,,,,,,,,,,,,,,,,,,,,,,,,,,,,,,,,,,,,,,,,,,
Lionel Messi,checked,Argentina,Inter Miami,Creator,Dribbler,Wide Forward,Magician,88,£80000000.0,Average,Average,Average,Average,Average,Average,Average,Average,Average,Average,Average,Average,Average,Average,Average,Average,Average,Average,Average,Average,Average,Average,Average,Average,Average,Average,Average,Average,Average,Average,Average,Average,Average,Average,Average,Average,Average,Average,Average,Average,Average,Average,Average,Average,Average,Average,Average,Average
Rodrygo,checked,Brazil,Real Madrid,Creator,Engine,Wide Forward,Catalyst,88,£80000000.0,Average,Average,Average,Average,Average,Average,Average,Average,Average,Average,Average,Average,Average,Average,Average,Average,Average,Average,Average,Average,Average,Average,Average,Average,Average,Average,Average,Average,Average,Average,Average,Average,Average,Average,Average,Average,Average,Average,Average,Average,Average,Average,Average,Average,Average,Average,Average,Average
Jamal Musiala,checked,Germany,Bayern Munich,Dribbler,Creator,Wide Forward,Wizard,88,£90000000.0,Average,Average,Average,Average,Average,Average,Average,Average,Average,Average,Average,Average,Average,Average,Average,Average,Average,Average,Average,Average,Average,Average,Average,Average,Average,Average,Average,Average,Average,Average,Average,Average,Average,Average,Average,Average,Average,Average,Average,Average,Average,Average,Average,Average,Average,Average,Average,Average
Khvicha Kvaratskhelia,checked,Georgia,Napoli,Dribbler,Creator,Wide Forward,Wizard,88,£90000000.0,Average,Average,Average,Average,Average,Average,Average,Average,Average,Average,Average,Average,Average,Average,Average,Average,Average,Average,Average,Average,Average,Average,Average,Average,Average,Average,Average,Average,Average,Average,Average,Average,Average,Average,Average,Average,Average,Average,Average,Average,Average,Average,Average,Average,Average,Average,Average,Average
Lucas Paqueta,checked,Brazil,West Ham,Creator,Passer,Central Midfielder,Maestro,88,£80000000.0,,,,,,,,,,,,,,,,,,,,,,,,,,,,,,,,,,,,,,,,,,,,,,,,
James Maddison,checked,England,Leicester,Creator,Striker,Central Midfielder,Trequartista,88,£80000000.0,,,,,,,,,,,,,,,,,,,,,,,,,,,,,,,,,,,,,,,,,,,,,,,,
Jorginho,checked,Italy,Chelsea,Controller,Passer,Central Midfielder,Regista,88,£70000000.0,,,,,,,,,,,,,,,,,,,,,,,,,,,,,,,,,,,,,,,,,,,,,,,,
João Palhinha,checked,Portugal,Fulham,Engine,Stopper,Central Midfielder,Destroyer,88,£80000000.0,,,,,,,,,,,,,,,,,,,,,,,,,,,,,,,,,,,,,,,,,,,,,,,,
Ruben Neves,checked,Portugal,Wolves,Controller,Passer,Central Midfielder,Regista,88,£70000000.0,,,,,,,,,,,,,,,,,,,,,,,,,,,,,,,,,,,,,,,,,,,,,,,,
Bruno Fernandes,checked,Portugal,Manchester United,Creator,Passer,Central Midfielder,Maestro,88,£80000000.0,Average,Average,Average,Average,Average,Average,Average,Average,Average,Average,Average,Average,Average,Average,Average,Average,Average,Average,Average,Average,Average,Average,Average,Average,Average,Average,Average,Average,Average,Average,Average,Average,Average,Average,Average,Average,Average,Average,Average,Average,Average,Average,Average,Average,Average,Average,Average,Average
Aurelien Tchouameni,checked,France,Real Madrid,Commander,Engine,Central Midfielder,General,88,£90000000.0,Average,Average,Average,Average,Average,Average,Average,Average,Average,Average,Average,Average,Average,Average,Average,Average,Average,Average,Average,Average,Average,Average,Average,Average,Average,Average,Average,Average,Average,Average,Average,Average,Average,Average,Average,Average,Average,Average,Average,Average,Average,Average,Average,Average,Average,Average,Average,Average
Ivan Toney,checked,England,Brentford,Aerial,Striker,Central Forward,Target,88,£100000000.0,Average,Average,Average,Average,Average,Average,Average,Average,Average,Average,Average,Average,Average,Average,Average,Average,Average,Average,Average,Average,Average,Average,Average,Average,Average,Average,Average,Average,Average,Average,Average,Average,Average,Average,Average,Average,Average,Average,Average,Average,Average,Average,Average,Average,Average,Average,Average,Average
Ollie Watkins,checked,England,Aston Villa,Sprinter,Striker,Central Forward,Flash,88,£100000000.0,Average,Average,Average,Average,Average,Average,Average,Average,Average,Average,Average,Average,Average,Average,Average,Average,Average,Average,Average,Average,Average,Average,Average,Average,Average,Average,Average,Average,Average,Average,Average,Average,Average,Average,Average,Average,Average,Average,Average,Average,Average,Average,Average,Average,Average,Average,Average,Average
Thibaut Courtois,checked,Belgium,Chelsea,Orthodox,Acrobat,Keeper,Wall,87,£50000000.0,,,,,,,,,,,,,,,,,,,,,,,,,,,,,,,,,,,,,,,,,,,,,,,,
Cristiano Ronaldo,checked,Portugal,Manchester United,Striker,Sprinter,Wide Forward,Rocket,87,£80000000.0,,,,,,,,,,,,,,,,,,,,,,,,,,,,,,,,,,,,,,,,,,,,,,,,
Michael Olise,checked,England,Crystal Palace,Dribbler,Striker,Wide Forward,Attacker,87,£80000000.0,Average,Average,Average,Average,Average,Average,Average,Average,Average,Average,Average,Average,Average,Average,Average,Average,Average,Average,Average,Average,Average,Average,Average,Average,Average,Average,Average,Average,Average,Average,Average,Average,Average,Average,Average,Average,Average,Average,Average,Average,Average,Average,Average,Average,Average,Average,Average,Average
Thiago Silva,checked,Brazil,Chelsea,Stopper,Commander,Central Defender,Leader,87,£70000000.0,,,,,,,,,,,,,,,,,,,,,,,,,,,,,,,,,,,,,,,,,,,,,,,,
Kim Min-Jae,checked,South Korea,Bayern Munich,Stopper,Aerial,Central Defender,Titan,87,£60000000.0,Average,Average,Average,Average,Average,Average,Average,Average,Average,Average,Average,Average,Average,Average,Average,Average,Average,Average,Average,Average,Average,Average,Average,Average,Average,Average,Average,Average,Average,Average,Average,Average,Average,Average,Average,Average,Average,Average,Average,Average,Average,Average,Average,Average,Average,Average,Average,Average
Gabriel Magalhães,checked,Brazil,Arsenal,Stopper,Aerial,Central Defender,Titan,87,£60000000.0,Average,Average,Average,Average,Average,Average,Average,Average,Average,Average,Average,Average,Average,Average,Average,Average,Average,Average,Average,Average,Average,Average,Average,Average,Average,Average,Average,Average,Average,Average,Average,Average,Average,Average,Average,Average,Average,Average,Average,Average,Average,Average,Average,Average,Average,Average,Average,Average
Ilkay Gundogan,checked,Germany,Manchester City,Controller,Passer,Central Midfielder,Regista,87,£60000000.0,,,,,,,,,,,,,,,,,,,,,,,,,,,,,,,,,,,,,,,,,,,,,,,,
Teun Koopmeiners,checked,Netherlands,Atalanta,Controller,Engine,Central Midfielder,Motor,87,£70000000.0,Average,Average,Average,Average,Average,Average,Average,Average,Average,Average,Average,Average,Average,Average,Average,Average,Average,Average,Average,Average,Average,Average,Average,Average,Average,Average,Average,Average,Average,Average,Average,Average,Average,Average,Average,Average,Average,Average,Average,Average,Average,Average,Average,Average,Average,Average,Average,Average
Eduardo Camavinga,checked,France,Real Madrid,Commander,Engine,Central Midfielder,General,87,£80000000.0,Average,Average,Average,Average,Average,Average,Average,Average,Average,Average,Average,Average,Average,Average,Average,Average,Average,Average,Average,Average,Average,Average,Average,Average,Average,Average,Average,Average,Average,Average,Average,Average,Average,Average,Average,Average,Average,Average,Average,Average,Average,Average,Average,Average,Average,Average,Average,Average
Alexander Isak,checked,Sweden,Newcastle,Striker,Creator,Central Forward,Assassin,87,£80000000.0,Average,Average,Average,Average,Average,Average,Average,Average,Average,Average,Average,Average,Average,Average,Average,Average,Average,Average,Average,Average,Average,Average,Average,Average,Average,Average,Average,Average,Average,Average,Average,Average,Average,Average,Average,Average,Average,Average,Average,Average,Average,Average,Average,Average,Average,Average,Average,Average
Randal Kolo Muani,checked,France,PSG,Striker,Creator,Central Forward,Assassin,87,£80000000.0,Average,Average,Average,Average,Average,Average,Average,Average,Average,Average,Average,Average,Average,Average,Average,Average,Average,Average,Average,Average,Average,Average,Average,Average,Average,Average,Average,Average,Average,Average,Average,Average,Average,Average,Average,Average,Average,Average,Average,Average,Average,Average,Average,Average,Average,Average,Average,Average
Achraf Hakimi,checked,Morocco,PSG,Sprinter,Cover,Wide Defender,Flanker,86,£60000000.0,Average,Average,Average,Average,Average,Average,Average,Average,Average,Average,Average,Average,Average,Average,Average,Average,Average,Average,Average,Average,Average,Average,Average,Average,Average,Average,Average,Average,Average,Average,Average,Average,Average,Average,Average,Average,Average,Average,Average,Average,Average,Average,Average,Average,Average,Average,Average,Average
Leandro Trossard,checked,Belgium,Brighton,Creator,Dribbler,Wide Forward,Magician,86,£40000000.0,,,,,,,,,,,,,,,,,,,,,,,,,,,,,,,,,,,,,,,,,,,,,,,,
Raheem Sterling,checked,England,Manchester City,Dribbler,Creator,Wide Forward,Wizard,86,£80000000.0,,,,,,,,,,,,,,,,,,,,,,,,,,,,,,,,,,,,,,,,,,,,,,,,
Wilfried Zaha,checked,Ivory Coast,Galatasaray,Dribbler,Creator,Wide Forward,Wizard,86,£60000000.0,,,,,,,,,,,,,,,,,,,,,,,,,,,,,,,,,,,,,,,,,,,,,,,,
Pedro Neto,checked,Portugal,Wolves,Dribbler,Sprinter,Wide Forward,Winger,86,£60000000.0,,,,,,,,,,,,,,,,,,,,,,,,,,,,,,,,,,,,,,,,,,,,,,,,
Gabriel Martinelli,checked,Brazil,Arsenal,Sprinter,Striker,Wide Forward,Flash,86,£70000000.0,Average,Average,Average,Average,Average,Average,Average,Average,Average,Average,Average,Average,Average,Average,Average,Average,Average,Average,Average,Average,Average,Average,Average,Average,Average,Average,Average,Average,Average,Average,Average,Average,Average,Average,Average,Average,Average,Average,Average,Average,Average,Average,Average,Average,Average,Average,Average,Average
Moussa Diaby,checked,France,Aston Villa,Creator,Striker,Wide Forward,Trequartista,86,£60000000.0,Average,Average,Average,Average,Average,Average,Average,Average,Average,Average,Average,Average,Average,Average,Average,Average,Average,Average,Average,Average,Average,Average,Average,Average,Average,Average,Average,Average,Average,Average,Average,Average,Average,Average,Average,Average,Average,Average,Average,Average,Average,Average,Average,Average,Average,Average,Average,Average
Alessandro Bastoni,checked,Italy,Inter Milan,Stopper,Controller,Central Defender,Lynchpin,86,£60000000.0,Average,Average,Average,Average,Average,Average,Average,Average,Average,Average,Average,Average,Average,Average,Average,Average,Average,Average,Average,Average,Average,Average,Average,Average,Average,Average,Average,Average,Average,Average,Average,Average,Average,Average,Average,Average,Average,Average,Average,Average,Average,Average,Average,Average,Average,Average,Average,Average
Micky van de Ven ,checked,Netherlands,Tottenham Hotspur,Stopper,Sprinter,Central Defender,Shadow,86,£60000000.0,Average,Average,Average,Average,Average,Average,Average,Average,Average,Average,Average,Average,Average,Average,Average,Average,Average,Average,Average,Average,Average,Average,Average,Average,Average,Average,Average,Average,Average,Average,Average,Average,Average,Average,Average,Average,Average,Average,Average,Average,Average,Average,Average,Average,Average,Average,Average,Average
Dayot Upamecano,checked,France,Bayern Munich,Stopper,Controller,Central Defender,Lynchpin,86,£60000000.0,Average,Average,Average,Average,Average,Average,Average,Average,Average,Average,Average,Average,Average,Average,Average,Average,Average,Average,Average,Average,Average,Average,Average,Average,Average,Average,Average,Average,Average,Average,Average,Average,Average,Average,Average,Average,Average,Average,Average,Average,Average,Average,Average,Average,Average,Average,Average,Average
N'Golo Kante,checked,France,Leicester,Engine,Cover,Central Midfielder,Anchor,86,£50000000.0,,,,,,,,,,,,,,,,,,,,,,,,,,,,,,,,,,,,,,,,,,,,,,,,
Eberechi Eze,checked,England,Crystal Palace,Creator,Dribbler,Central Midfielder,Magician,86,£60000000.0,,,,,,,,,,,,,,,,,,,,,,,,,,,,,,,,,,,,,,,,,,,,,,,,
John McGinn,checked,Scotland,Aston Villa,Commander,Engine,Central Midfielder,General,86,£70000000.0,,,,,,,,,,,,,,,,,,,,,,,,,,,,,,,,,,,,,,,,,,,,,,,,
Moises Caicedo,checked,Ecuador,Brighton,Engine,Stopper,Central Midfielder,Destroyer,86,£70000000.0,,,,,,,,,,,,,,,,,,,,,,,,,,,,,,,,,,,,,,,,,,,,,,,,
Hakan Calhanoglu,checked,Turkey,Inter Milan,Controller,Passer,Central Midfielder,Regista,86,£60000000.0,Average,Average,Average,Average,Average,Average,Average,Average,Average,Average,Average,Average,Average,Average,Average,Average,Average,Average,Average,Average,Average,Average,Average,Average,Average,Average,Average,Average,Average,Average,Average,Average,Average,Average,Average,Average,Average,Average,Average,Average,Average,Average,Average,Average,Average,Average,Average,Average
Toni Kroos,checked,Germany,Real Madrid,Controller,Passer,Central Midfielder,Regista,86,£60000000.0,Average,Average,Average,Average,Average,Average,Average,Average,Average,Average,Average,Average,Average,Average,Average,Average,Average,Average,Average,Average,Average,Average,Average,Average,Average,Average,Average,Average,Average,Average,Average,Average,Average,Average,Average,Average,Average,Average,Average,Average,Average,Average,Average,Average,Average,Average,Average,Average
Xavi Simons,checked,Netherlands,RB Leipzig,Creator,Engine,Central Midfielder,Catalyst,86,£60000000.0,Average,Average,Average,Average,Average,Average,Average,Average,Average,Average,Average,Average,Average,Average,Average,Average,Average,Average,Average,Average,Average,Average,Average,Average,Average,Average,Average,Average,Average,Average,Average,Average,Average,Average,Average,Average,Average,Average,Average,Average,Average,Average,Average,Average,Average,Average,Average,Average
Gabriel Jesus,checked,Bermuda,Manchester City,Creator,Striker,Central Forward,Trequartista,86,£60000000.0,,,,,,,,,,,,,,,,,,,,,,,,,,,,,,,,,,,,,,,,,,,,,,,,
Matheus Cunha,checked,Brazil,Wolves,Creator,Striker,Central Forward,Trequartista,86,£40000000.0,,,,,,,,,,,,,,,,,,,,,,,,,,,,,,,,,,,,,,,,,,,,,,,,
Marcus Thuram,checked,France,Inter Milan,Powerhouse,Striker,Central Forward,Spearhead,86,£60000000.0,Average,Average,Average,Average,Average,Average,Average,Average,Average,Average,Average,Average,Average,Average,Average,Average,Average,Average,Average,Average,Average,Average,Average,Average,Average,Average,Average,Average,Average,Average,Average,Average,Average,Average,Average,Average,Average,Average,Average,Average,Average,Average,Average,Average,Average,Average,Average,Average
Darwin Nunez,checked,Uruguay,Liverpool,Powerhouse,Sprinter,Central Forward,Athlete,86,£60000000.0,Average,Average,Average,Average,Average,Average,Average,Average,Average,Average,Average,Average,Average,Average,Average,Average,Average,Average,Average,Average,Average,Average,Average,Average,Average,Average,Average,Average,Average,Average,Average,Average,Average,Average,Average,Average,Average,Average,Average,Average,Average,Average,Average,Average,Average,Average,Average,Average
Theo Hernandez,checked,France,AC Milan,Engine,Powerhouse,Wide Defender,Bison,85,£50000000.0,Average,Average,Average,Average,Average,Average,Average,Average,Average,Average,Average,Average,Average,Average,Average,Average,Average,Average,Average,Average,Average,Average,Average,Average,Average,Average,Average,Average,Average,Average,Average,Average,Average,Average,Average,Average,Average,Average,Average,Average,Average,Average,Average,Average,Average,Average,Average,Average
Federico Dimarco,checked,Italy,Inter Milan,Passer,Cover,Wide Defender,Provider,85,£55000000.0,Average,Average,Average,Average,Average,Average,Average,Average,Average,Average,Average,Average,Average,Average,Average,Average,Average,Average,Average,Average,Average,Average,Average,Average,Average,Average,Average,Average,Average,Average,Average,Average,Average,Average,Average,Average,Average,Average,Average,Average,Average,Average,Average,Average,Average,Average,Average,Average
Kaoru Mitoma,checked,Japan,Brighton,Dribbler,Sprinter,Wide Forward,Winger,85,£80000000.0,,,,,,,,,,,,,,,,,,,,,,,,,,,,,,,,,,,,,,,,,,,,,,,,
Allan Saint-Maximin,checked,France,Newcastle,Dribbler,Creator,Wide Forward,Wizard,85,£50000000.0,,,,,,,,,,,,,,,,,,,,,,,,,,,,,,,,,,,,,,,,,,,,,,,,
Diogo Jota,checked,Portugal,Wolves,Striker,Creator,Wide Forward,Assassin,85,£50000000.0,,,,,,,,,,,,,,,,,,,,,,,,,,,,,,,,,,,,,,,,,,,,,,,,
Jarred Bowen,checked,England,West Ham,Sprinter,Striker,Wide Forward,Flash,85,£50000000.0,,,,,,,,,,,,,,,,,,,,,,,,,,,,,,,,,,,,,,,,,,,,,,,,
Marcus Rashford,checked,England,Manchester United,Striker,Sprinter,Wide Forward,Rocket,85,£60000000.0,Average,Average,Average,Average,Average,Average,Average,Average,Average,Average,Average,Average,Average,Average,Average,Average,Average,Average,Average,Average,Average,Average,Average,Average,Average,Average,Average,Average,Average,Average,Average,Average,Average,Average,Average,Average,Average,Average,Average,Average,Average,Average,Average,Average,Average,Average,Average,Average
Luis Diaz,checked,Colombia,Liverpool,Creator,Engine,Wide Forward,Catalyst,85,£60000000.0,Average,Average,Average,Average,Average,Average,Average,Average,Average,Average,Average,Average,Average,Average,Average,Average,Average,Average,Average,Average,Average,Average,Average,Average,Average,Average,Average,Average,Average,Average,Average,Average,Average,Average,Average,Average,Average,Average,Average,Average,Average,Average,Average,Average,Average,Average,Average,Average
Youri Tielemans,checked,Belgium,Leicester,Controller,Creator,Central Midfielder,Playmaker,85,£55000000.0,,,,,,,,,,,,,,,,,,,,,,,,,,,,,,,,,,,,,,,,,,,,,,,,
Yves Bissouma,checked,Mali,Brighton,Controller,Engine,Central Midfielder,Motor,85,£40000000.0,,,,,,,,,,,,,,,,,,,,,,,,,,,,,,,,,,,,,,,,,,,,,,,,
Luka Modric,checked,Croatia,Tottenham Hotspur,Controller,Creator,Central Midfielder,Playmaker,85,£55000000.0,,,,,,,,,,,,,,,,,,,,,,,,,,,,,,,,,,,,,,,,,,,,,,,,
Alexis Mac Allister,checked,Argentina,Brighton,Controller,Creator,Central Midfielder,Playmaker,85,£55000000.0,,,,,,,,,,,,,,,,,,,,,,,,,,,,,,,,,,,,,,,,,,,,,,,,
Ross Barkley,checked,England,Everton,Controller,Creator,Central Midfielder,Playmaker,85,£60000000.0,,,,,,,,,,,,,,,,,,,,,,,,,,,,,,,,,,,,,,,,,,,,,,,,
Warren Zaire-Emery,checked,France,PSG,Controller,Creator,Central Midfielder,Playmaker,85,£60000000.0,Average,Average,Average,Average,Average,Average,Average,Average,Average,Average,Average,Average,Average,Average,Average,Average,Average,Average,Average,Average,Average,Average,Average,Average,Average,Average,Average,Average,Average,Average,Average,Average,Average,Average,Average,Average,Average,Average,Average,Average,Average,Average,Average,Average,Average,Average,Average,Average
Douglas Luiz,checked,Brazil,Aston Villa,Passer,Creator,Central Midfielder,Radar,85,£60000000.0,Average,Average,Average,Average,Average,Average,Average,Average,Average,Average,Average,Average,Average,Average,Average,Average,Average,Average,Average,Average,Average,Average,Average,Average,Average,Average,Average,Average,Average,Average,Average,Average,Average,Average,Average,Average,Average,Average,Average,Average,Average,Average,Average,Average,Average,Average,Average,Average
Morgan Gibbs-White,checked,England,Nottingham Forest,Creator,Dribbler,Central Midfielder,Magician,85,£60000000.0,Average,Average,Average,Average,Average,Average,Average,Average,Average,Average,Average,Average,Average,Average,Average,Average,Average,Average,Average,Average,Average,Average,Average,Average,Average,Average,Average,Average,Average,Average,Average,Average,Average,Average,Average,Average,Average,Average,Average,Average,Average,Average,Average,Average,Average,Average,Average,Average
Romelu Lukaku,checked,Belgium,AS Roma,Powerhouse,Striker,Central Forward,Spearhead,85,£50000000.0,Average,Average,Average,Average,Average,Average,Average,Average,Average,Average,Average,Average,Average,Average,Average,Average,Average,Average,Average,Average,Average,Average,Average,Average,Average,Average,Average,Average,Average,Average,Average,Average,Average,Average,Average,Average,Average,Average,Average,Average,Average,Average,Average,Average,Average,Average,Average,Average
Rui Patricio,checked,Portugal,Wolves,Orthodox,Commander,Keeper,Sentinel,84,£30000000.0,,,,,,,,,,,,,,,,,,,,,,,,,,,,,,,,,,,,,,,,,,,,,,,,
Ben Chilwell,checked,England,Leicester,Passer,Cover,Wide Defender,Provider,84,£40000000.0,,,,,,,,,,,,,,,,,,,,,,,,,,,,,,,,,,,,,,,,,,,,,,,,
Kieran Trippier,checked,England,Burnley,Passer,Cover,Wide Defender,Provider,84,£40000000.0,,,,,,,,,,,,,,,,,,,,,,,,,,,,,,,,,,,,,,,,,,,,,,,,
Denzel Dumfries,checked,Netherlands,Inter Milan,Engine,Powerhouse,Wide Defender,Bison,84,£40000000.0,Average,Average,Average,Average,Average,Average,Average,Average,Average,Average,Average,Average,Average,Average,Average,Average,Average,Average,Average,Average,Average,Average,Average,Average,Average,Average,Average,Average,Average,Average,Average,Average,Average,Average,Average,Average,Average,Average,Average,Average,Average,Average,Average,Average,Average,Average,Average,Average
Alex Grimaldo,checked,Spain,Leverkusen,Creator,Engine,Wide Defender,Catalyst,84,£40000000.0,Average,Average,Average,Average,Average,Average,Average,Average,Average,Average,Average,Average,Average,Average,Average,Average,Average,Average,Average,Average,Average,Average,Average,Average,Average,Average,Average,Average,Average,Average,Average,Average,Average,Average,Average,Average,Average,Average,Average,Average,Average,Average,Average,Average,Average,Average,Average,Average
Sadio Mane,checked,Senegal,Liverpool,Creator,Engine,Wide Forward,Catalyst,84,£40000000.0,,,,,,,,,,,,,,,,,,,,,,,,,,,,,,,,,,,,,,,,,,,,,,,,
Jack Harrison,checked,England,Leeds,Creator,Striker,Wide Forward,Trequartista,84,£40000000.0,,,,,,,,,,,,,,,,,,,,,,,,,,,,,,,,,,,,,,,,,,,,,,,,
Harvey Barnes,checked,England,Leicester,Dribbler,Striker,Wide Forward,Attacker,84,£50000000.0,,,,,,,,,,,,,,,,,,,,,,,,,,,,,,,,,,,,,,,,,,,,,,,,
Anthony Elanga,checked,Sweden,Nottingham Forest,Sprinter,Striker,Wide Forward,Flash,84,£40000000.0,Average,Average,Average,Average,Average,Average,Average,Average,Average,Average,Average,Average,Average,Average,Average,Average,Average,Average,Average,Average,Average,Average,Average,Average,Average,Average,Average,Average,Average,Average,Average,Average,Average,Average,Average,Average,Average,Average,Average,Average,Average,Average,Average,Average,Average,Average,Average,Average
Callum Hudson-Odoi,checked,England,Nottingham Forest,Dribbler,Creator,Wide Forward,Wizard,84,£40000000.0,Average,Average,Average,Average,Average,Average,Average,Average,Average,Average,Average,Average,Average,Average,Average,Average,Average,Average,Average,Average,Average,Average,Average,Average,Average,Average,Average,Average,Average,Average,Average,Average,Average,Average,Average,Average,Average,Average,Average,Average,Average,Average,Average,Average,Average,Average,Average,Average
Eric Dier,checked,England,Bayern Munich,Stopper,Commander,Central Defender,Leader,84,£30000000.0,,,,,,,,,,,,,,,,,,,,,,,,,,,,,,,,,,,,,,,,,,,,,,,,
Murillo,checked,Brazil,Nottingham Forest,Stopper,Powerhouse,Central Defender,Rock,84,£40000000.0,Average,Average,Average,Average,Average,Average,Average,Average,Average,Average,Average,Average,Average,Average,Average,Average,Average,Average,Average,Average,Average,Average,Average,Average,Average,Average,Average,Average,Average,Average,Average,Average,Average,Average,Average,Average,Average,Average,Average,Average,Average,Average,Average,Average,Average,Average,Average,Average
Moussa Niakhate,checked,Senegal,Nottingham Forest,Stopper,Commander,Central Defender,Leader,84,£35000000.0,Average,Average,Average,Average,Average,Average,Average,Average,Average,Average,Average,Average,Average,Average,Average,Average,Average,Average,Average,Average,Average,Average,Average,Average,Average,Average,Average,Average,Average,Average,Average,Average,Average,Average,Average,Average,Average,Average,Average,Average,Average,Average,Average,Average,Average,Average,Average,Average
Ezri Konsa,checked,England,Aston Villa,Stopper,Cover,Central Defender,Shield,84,£35000000.0,Average,Average,Average,Average,Average,Average,Average,Average,Average,Average,Average,Average,Average,Average,Average,Average,Average,Average,Average,Average,Average,Average,Average,Average,Average,Average,Average,Average,Average,Average,Average,Average,Average,Average,Average,Average,Average,Average,Average,Average,Average,Average,Average,Average,Average,Average,Average,Average
James Ward-Prowse,checked,England,Southampton,Passer,Creator,Central Midfielder,Radar,84,£45000000.0,,,,,,,,,,,,,,,,,,,,,,,,,,,,,,,,,,,,,,,,,,,,,,,,
Joao Moutinho,checked,Portugal,Wolves,Controller,Passer,Central Midfielder,Regista,84,£40000000.0,,,,,,,,,,,,,,,,,,,,,,,,,,,,,,,,,,,,,,,,,,,,,,,,
Kalvin Phillips,checked,England,Leeds,Cover,Engine,Central Midfielder,Anchor,84,£35000000.0,,,,,,,,,,,,,,,,,,,,,,,,,,,,,,,,,,,,,,,,,,,,,,,,
Boubacar Kamara,checked,France,Aston Villa,Controller,Engine,Central Midfielder,Motor,84,£40000000.0,Average,Average,Average,Average,Average,Average,Average,Average,Average,Average,Average,Average,Average,Average,Average,Average,Average,Average,Average,Average,Average,Average,Average,Average,Average,Average,Average,Average,Average,Average,Average,Average,Average,Average,Average,Average,Average,Average,Average,Average,Average,Average,Average,Average,Average,Average,Average,Average
Kobbie Mainoo,checked,England,Manchester United,Controller,Engine,Central Midfielder,Motor,84,£50000000.0,Average,Average,Average,Average,Average,Average,Average,Average,Average,Average,Average,Average,Average,Average,Average,Average,Average,Average,Average,Average,Average,Average,Average,Average,Average,Average,Average,Average,Average,Average,Average,Average,Average,Average,Average,Average,Average,Average,Average,Average,Average,Average,Average,Average,Average,Average,Average,Average
Mason Mount,checked,England,Manchester United,Engine,Creator,Central Midfielder,Dynamo,84,£35000000.0,Average,Average,Average,Average,Average,Average,Average,Average,Average,Average,Average,Average,Average,Average,Average,Average,Average,Average,Average,Average,Average,Average,Average,Average,Average,Average,Average,Average,Average,Average,Average,Average,Average,Average,Average,Average,Average,Average,Average,Average,Average,Average,Average,Average,Average,Average,Average,Average
Olivier Giroud,checked,France,AC Milan,Aerial,Striker,Central Forward,Target,84,£50000000.0,Average,Average,Average,Average,Average,Average,Average,Average,Average,Average,Average,Average,Average,Average,Average,Average,Average,Average,Average,Average,Average,Average,Average,Average,Average,Average,Average,Average,Average,Average,Average,Average,Average,Average,Average,Average,Average,Average,Average,Average,Average,Average,Average,Average,Average,Average,Average,Average
Taiwo Awoniyi,checked,Nigeria,Nottingham Forest,Powerhouse,Striker,Central Forward,Spearhead,84,£40000000.0,Average,Average,Average,Average,Average,Average,Average,Average,Average,Average,Average,Average,Average,Average,Average,Average,Average,Average,Average,Average,Average,Average,Average,Average,Average,Average,Average,Average,Average,Average,Average,Average,Average,Average,Average,Average,Average,Average,Average,Average,Average,Average,Average,Average,Average,Average,Average,Average
Jordan Pickford,checked,England,Everton,Acrobat,Orthodox,Keeper,Shotstopper,83,£25000000.0,,,,,,,,,,,,,,,,,,,,,,,,,,,,,,,,,,,,,,,,,,,,,,,,
César Azpilicueta,checked,Spain,Chelsea,Cover,Engine,Wide Defender,Fullback,83,£35000000.0,,,,,,,,,,,,,,,,,,,,,,,,,,,,,,,,,,,,,,,,,,,,,,,,
Nelson Semedo,checked,Portugal,Wolves,Sprinter,Cover,Wide Defender,Flanker,83,£20000000.0,,,,,,,,,,,,,,,,,,,,,,,,,,,,,,,,,,,,,,,,,,,,,,,,
Dwight McNeil,checked,England,Burnley,Creator,Dribbler,Wide Midfielder,Magician,83,£40000000.0,,,,,,,,,,,,,,,,,,,,,,,,,,,,,,,,,,,,,,,,,,,,,,,,
Riyad Mahrez,checked,Algeria,Leicester,Dribbler,Creator,Wide Midfielder,Wizard,83,£30000000.0,,,,,,,,,,,,,,,,,,,,,,,,,,,,,,,,,,,,,,,,,,,,,,,,
Dusan Tadic,checked,Serbia,Southampton,Creator,Dribbler,Wide Midfielder,Magician,83,£30000000.0,,,,,,,,,,,,,,,,,,,,,,,,,,,,,,,,,,,,,,,,,,,,,,,,
Philippe Coutinho,checked,Brazil,Liverpool,Creator,Dribbler,Wide Forward,Magician,83,£30000000.0,,,,,,,,,,,,,,,,,,,,,,,,,,,,,,,,,,,,,,,,,,,,,,,,
Antony,checked,Brazil,Manchester United,Dribbler,Creator,Wide Forward,Winger,83,,Average,Average,Average,Average,Average,Average,Average,Average,Average,Average,Average,Average,Average,Average,Average,Average,Average,Average,Average,Average,Average,Average,Average,Average,Average,Average,Average,Average,Average,Average,Average,Average,Average,Average,Average,Average,Average,Average,Average,Average,Average,Average,Average,Average,Average,Average,Average,Average
Aymeric Laporte,checked,Spain,Manchester City,Stopper,Controller,Central Defender,Lynchpin,83,£40000000.0,,,,,,,,,,,,,,,,,,,,,,,,,,,,,,,,,,,,,,,,,,,,,,,,
Marc Guehi,checked,England,Crystal Palace,Stopper,Powerhouse,Central Defender,Rock,83,£40000000.0,,,,,,,,,,,,,,,,,,,,,,,,,,,,,,,,,,,,,,,,,,,,,,,,
Pascal Groß,checked,Germany,Brighton,Controller,Passer,Central Midfielder,Regista,83,£25000000.0,,,,,,,,,,,,,,,,,,,,,,,,,,,,,,,,,,,,,,,,,,,,,,,,
Jordan Henderson,checked,England,Ajax,Commander,Engine,Central Midfielder,General,83,£25000000.0,,,,,,,,,,,,,,,,,,,,,,,,,,,,,,,,,,,,,,,,,,,,,,,,
Wilfred Ndidi,checked,Nigeria,Leicester,Engine,Stopper,Central Midfielder,Destroyer,83,£40000000.0,,,,,,,,,,,,,,,,,,,,,,,,,,,,,,,,,,,,,,,,,,,,,,,,
Oriol Romeu,checked,Spain,Barcelona,Engine,Stopper,Central Midfielder,Destroyer,83,£15000000.0,,,,,,,,,,,,,,,,,,,,,,,,,,,,,,,,,,,,,,,,,,,,,,,,
Pierre-Emile Hjobjerg,checked,Denmark,Southampton,Controller,Passer,Central Midfielder,Regista,83,£12000000.0,,,,,,,,,,,,,,,,,,,,,,,,,,,,,,,,,,,,,,,,,,,,,,,,
Christian Eriksen,checked,Denmark,Tottenham Hotspur,Passer,Creator,Central Midfielder,Radar,83,£25000000.0,,,,,,,,,,,,,,,,,,,,,,,,,,,,,,,,,,,,,,,,,,,,,,,,
Tomas Soucek,checked,Czech Republic,West Ham,Aerial,Engine,Central Midfielder,Marauder,83,£25000000.0,,,,,,,,,,,,,,,,,,,,,,,,,,,,,,,,,,,,,,,,,,,,,,,,
Jean-Phillipe Mateta,checked,France,Crystal Palace,Powerhouse,Striker,Central Forward,Spearhead,83,£25000000.0,Average,Average,Average,Average,Average,Average,Average,Average,Average,Average,Average,Average,Average,Average,Average,Average,Average,Average,Average,Average,Average,Average,Average,Average,Average,Average,Average,Average,Average,Average,Average,Average,Average,Average,Average,Average,Average,Average,Average,Average,Average,Average,Average,Average,Average,Average,Average,Average
Nick Pope,checked,England,Burnley,Orthodox,Acrobat,Keeper,Wall,82,£30000000.0,,,,,,,,,,,,,,,,,,,,,,,,,,,,,,,,,,,,,,,,,,,,,,,,
Kasper Schmeichel,checked,Denmark,Leicester,Commander,Orthodox,Keeper,Hawk,82,£25000000.0,,,,,,,,,,,,,,,,,,,,,,,,,,,,,,,,,,,,,,,,,,,,,,,,
Tariq Lamptey,checked,England,Brighton,Sprinter,Cover,Wide Defender,Flanker,82,£20000000.0,,,,,,,,,,,,,,,,,,,,,,,,,,,,,,,,,,,,,,,,,,,,,,,,
Aaron Wan-Bissaka,checked,England,Crystal Palace,Cover,Engine,Wide Defender,Fullback,82,£30000000.0,,,,,,,,,,,,,,,,,,,,,,,,,,,,,,,,,,,,,,,,,,,,,,,,
Seamus Coleman,checked,Ireland,Everton,Engine,Cover,Wide Defender,Wingback,82,£35000000.0,,,,,,,,,,,,,,,,,,,,,,,,,,,,,,,,,,,,,,,,,,,,,,,,
Wilfried Gnonto,checked,Italy,Leeds,Dribbler,Creator,Wide Forward,Wizard,82,£30000000.0,,,,,,,,,,,,,,,,,,,,,,,,,,,,,,,,,,,,,,,,,,,,,,,,
James Tarkowski,checked,England,Burnley,Stopper,Powerhouse,Central Defender,Rock,82,£20000000.0,,,,,,,,,,,,,,,,,,,,,,,,,,,,,,,,,,,,,,,,,,,,,,,,
Willy Boly,checked,Ivory Coast,Wolves,Stopper,Aerial,Central Defender,Titan,82,£10000000.0,,,,,,,,,,,,,,,,,,,,,,,,,,,,,,,,,,,,,,,,,,,,,,,,
Fernandinho,checked,Brazil,Manchester City,Cover,Engine,Central Midfielder,Anchor,82,£40000000.0,,,,,,,,,,,,,,,,,,,,,,,,,,,,,,,,,,,,,,,,,,,,,,,,
Nemanja Matic,checked,Serbia,Chelsea,Commander,Engine,Central Midfielder,General,82,£40000000.0,,,,,,,,,,,,,,,,,,,,,,,,,,,,,,,,,,,,,,,,,,,,,,,,
Alexsander Mitrovic,checked,Serbia,Fulham,Powerhouse,Striker,Central Forward,Spearhead,82,£40000000.0,,,,,,,,,,,,,,,,,,,,,,,,,,,,,,,,,,,,,,,,,,,,,,,,
Ilan Meslier,checked,France,Leeds,Acrobat,Distributor,Keeper,Cat,81,£10000000.0,,,,,,,,,,,,,,,,,,,,,,,,,,,,,,,,,,,,,,,,,,,,,,,,
Matt Doherty,checked,Ireland,Wolves,Engine,Cover,Wide Defender,Wingback,81,£25000000.0,,,,,,,,,,,,,,,,,,,,,,,,,,,,,,,,,,,,,,,,,,,,,,,,
Ben Mee,checked,England,Burnley,Stopper,Cover,Central Defender,Shield,81,£20000000.0,,,,,,,,,,,,,,,,,,,,,,,,,,,,,,,,,,,,,,,,,,,,,,,,
Andre Ogbonna,checked,Italy,West Ham,Stopper,Aerial,Central Defender,Titan,81,£18000000.0,,,,,,,,,,,,,,,,,,,,,,,,,,,,,,,,,,,,,,,,,,,,,,,,
Santi Cazorla,checked,Spain,Arsenal,Controller,Creator,Central Midfielder,Playmaker,81,£20000000.0,,,,,,,,,,,,,,,,,,,,,,,,,,,,,,,,,,,,,,,,,,,,,,,,
Oscar,checked,Brazil,Chelsea,Creator,Dribbler,Central Midfielder,Magician,81,£80000000.0,,,,,,,,,,,,,,,,,,,,,,,,,,,,,,,,,,,,,,,,,,,,,,,,
Dimitri Payet,checked,France,West Ham,Creator,Striker,Central Midfielder,Trequartista,81,£60000000.0,,,,,,,,,,,,,,,,,,,,,,,,,,,,,,,,,,,,,,,,,,,,,,,,
Tom Cairney,checked,Scotland,Fulham,Controller,Creator,Central Midfielder,Playmaker,81,£20000000.0,,,,,,,,,,,,,,,,,,,,,,,,,,,,,,,,,,,,,,,,,,,,,,,,
Mateusz Klich,checked,Poland,Leeds,Engine,Creator,Central Midfielder,Dynamo,81,£10000000.0,,,,,,,,,,,,,,,,,,,,,,,,,,,,,,,,,,,,,,,,,,,,,,,,
Danny Welbeck,checked,England,Brighton,Powerhouse,Striker,Central Forward,Spearhead,81,£10000000.0,,,,,,,,,,,,,,,,,,,,,,,,,,,,,,,,,,,,,,,,,,,,,,,,
Danny Ings,checked,England,Southampton,Striker,Engine,Central Forward,Poacher,81,£20000000.0,,,,,,,,,,,,,,,,,,,,,,,,,,,,,,,,,,,,,,,,,,,,,,,,
Bernd Leno,checked,Germany,Fulham,Distributor,Sweeper,Keeper,Libero GK,80,£10000000.0,,,,,,,,,,,,,,,,,,,,,,,,,,,,,,,,,,,,,,,,,,,,,,,,
Aaron Cresswell,checked,England,West Ham,Passer,Cover,Wide Defender,Provider,80,£25000000.0,,,,,,,,,,,,,,,,,,,,,,,,,,,,,,,,,,,,,,,,,,,,,,,,
Dan Burn,checked,England,Brighton,Aerial,Stopper,Wide Defender,Tower,80,£10000000.0,,,,,,,,,,,,,,,,,,,,,,,,,,,,,,,,,,,,,,,,,,,,,,,,
Vladimir Coufal,checked,Czech Republic,West Ham,Cover,Engine,Wide Defender,Fullback,80,£12000000.0,,,,,,,,,,,,,,,,,,,,,,,,,,,,,,,,,,,,,,,,,,,,,,,,
Adam Lallana,checked,England,Southampton,Dribbler,Creator,Wide Midfielder,Wizard,80,£40000000.0,,,,,,,,,,,,,,,,,,,,,,,,,,,,,,,,,,,,,,,,,,,,,,,,
Lewis Dunk,checked,England,Brighton,Stopper,Controller,Central Defender,Lynchpin,80,£20000000.0,,,,,,,,,,,,,,,,,,,,,,,,,,,,,,,,,,,,,,,,,,,,,,,,
Jose Fonte,checked,Portugal,Southampton,Stopper,Aerial,Central Defender,Titan,80,£10000000.0,,,,,,,,,,,,,,,,,,,,,,,,,,,,,,,,,,,,,,,,,,,,,,,,
Jan Vertonghen,checked,Belgium,Tottenham Hotspur,Stopper,Powerhouse,Central Defender,Rock,80,£60000000.0,,,,,,,,,,,,,,,,,,,,,,,,,,,,,,,,,,,,,,,,,,,,,,,,
Caglar Soyuncu,checked,Turkey,Leicester,Stopper,Powerhouse,Central Defender,Rock,80,£20000000.0,,,,,,,,,,,,,,,,,,,,,,,,,,,,,,,,,,,,,,,,,,,,,,,,
Jack Cork,checked,England,Burnley,Cover,Engine,Central Midfielder,Anchor,80,£3000000.0,,,,,,,,,,,,,,,,,,,,,,,,,,,,,,,,,,,,,,,,,,,,,,,,
Marouane Fellaini,checked,Belgium,Everton,Aerial,Powerhouse,Central Midfielder,Bomber,80,£20000000.0,,,,,,,,,,,,,,,,,,,,,,,,,,,,,,,,,,,,,,,,,,,,,,,,
Kelechi Iheanacho,checked,Nigeria,Leicester,Creator,Striker,Central Forward,Trequartista,80,£20000000.0,,,,,,,,,,,,,,,,,,,,,,,,,,,,,,,,,,,,,,,,,,,,,,,,
Andy Carroll,checked,England,Newcastle,Aerial,Striker,Central Forward,Target,80,£20000000.0,,,,,,,,,,,,,,,,,,,,,,,,,,,,,,,,,,,,,,,,,,,,,,,,
Evan Ferguson,checked,Ireland,Brighton,Striker,Aerial,Central Forward,Hitman,80,£100000000.0,,,,,,,,,,,,,,,,,,,,,,,,,,,,,,,,,,,,,,,,,,,,,,,,
Raul Jimenez,checked,Mexico,Wolves,Aerial,Striker,Central Forward,Target,80,£15000000.0,,,,,,,,,,,,,,,,,,,,,,,,,,,,,,,,,,,,,,,,,,,,,,,,
Joe Hart,checked,England,Manchester City,Orthodox,Acrobat,Keeper,Wall,79,£50000000.0,,,,,,,,,,,,,,,,,,,,,,,,,,,,,,,,,,,,,,,,,,,,,,,,
Jose Sa,checked,Wales,Wolves,Orthodox,Distributor,Keeper,Sentry,79,£10000000.0,,,,,,,,,,,,,,,,,,,,,,,,,,,,,,,,,,,,,,,,,,,,,,,,
Patrick van Aanholt,checked,Netherlands,Crystal Palace,Sprinter,Cover,Wide Defender,Flanker,79,£10000000.0,,,,,,,,,,,,,,,,,,,,,,,,,,,,,,,,,,,,,,,,,,,,,,,,
Joel Veltman,checked,Netherlands,Brighton,Cover,Engine,Wide Defender,Shield,79,£10000000.0,,,,,,,,,,,,,,,,,,,,,,,,,,,,,,,,,,,,,,,,,,,,,,,,
Johann Berg Gudmundsson,checked,Iceland,Burnley,Dribbler,Striker,Wide Midfielder,Attacker,79,£8000000.0,,,,,,,,,,,,,,,,,,,,,,,,,,,,,,,,,,,,,,,,,,,,,,,,
Marc Albrighton,checked,England,Leicester,Engine,Dribbler,Wide Midfielder,Tornate,79,£12000000.0,,,,,,,,,,,,,,,,,,,,,,,,,,,,,,,,,,,,,,,,,,,,,,,,
Conor Coady,checked,England,Everton,Commander,Stopper,Central Defender,Leader,79,£5000000.0,,,,,,,,,,,,,,,,,,,,,,,,,,,,,,,,,,,,,,,,,,,,,,,,
Shinji Okazaki,checked,Japan,Leicester,Engine,Striker,Central Forward,Livewire,79,£12000000.0,,,,,,,,,,,,,,,,,,,,,,,,,,,,,,,,,,,,,,,,,,,,,,,,
Diego Costa,checked,Spain/Brazil,Chelsea,Powerhouse,Striker,Central Forward,Spearhead,79,£50000000.0,,,,,,,,,,,,,,,,,,,,,,,,,,,,,,,,,,,,,,,,,,,,,,,,
Jamie Vardy,checked,England,Leicester,Sprinter,Striker,Central Forward,Flash,79,£50000000.0,,,,,,,,,,,,,,,,,,,,,,,,,,,,,,,,,,,,,,,,,,,,,,,,
Robert Sánchez,checked,Spain,Chelsea,Acrobat,Orthodox,Keeper,Shotstopper,78,£5000000.0,,,,,,,,,,,,,,,,,,,,,,,,,,,,,,,,,,,,,,,,,,,,,,,,
Joel Ward,checked,England,Crystal Palace,Cover,Engine,Wide Defender,Fullback,78,£3000000.0,,,,,,,,,,,,,,,,,,,,,,,,,,,,,,,,,,,,,,,,,,,,,,,,
Solly March,checked,England,Brighton,Creator,Engine,Wide Midfielder,Catalyst,78,£10000000.0,,,,,,,,,,,,,,,,,,,,,,,,,,,,,,,,,,,,,,,,,,,,,,,,
Adama Traore,checked,Spain,Wolves,Sprinter,Powerhouse,Wide Midfielder,Juggernaut,78,£5000000.0,,,,,,,,,,,,,,,,,,,,,,,,,,,,,,,,,,,,,,,,,,,,,,,,
Adam Webster,checked,England,Brighton,Stopper,Commander,Central Defender,Leader,78,£10000000.0,,,,,,,,,,,,,,,,,,,,,,,,,,,,,,,,,,,,,,,,,,,,,,,,
Jamal Lascelles,checked,England,Newcastle,Stopper,Commander,Central Defender,Leader,78,£10000000.0,,,,,,,,,,,,,,,,,,,,,,,,,,,,,,,,,,,,,,,,,,,,,,,,
Maya Yoshida,checked,Japan,Southampton,Stopper,Powerhouse,Central Defender,Rock,78,£8000000.0,,,,,,,,,,,,,,,,,,,,,,,,,,,,,,,,,,,,,,,,,,,,,,,,
John O'Shea,checked,Irish,Sunderland,Stopper,Commander,Central Defender,Leader,78,£2000000.0,,,,,,,,,,,,,,,,,,,,,,,,,,,,,,,,,,,,,,,,,,,,,,,,
Tim Ream,checked,USA,Fulham,Stopper,Commander,Central Defender,Leader,78,£8000000.0,,,,,,,,,,,,,,,,,,,,,,,,,,,,,,,,,,,,,,,,,,,,,,,,
Max Kilman,checked,England,Wolves,Stopper,Controller,Central Defender,Lynchpin,78,£10000000.0,,,,,,,,,,,,,,,,,,,,,,,,,,,,,,,,,,,,,,,,,,,,,,,,
Roman Saiss,checked,Morocco,Wolves,Stopper,Commander,Central Defender,Leader,78,£8000000.0,,,,,,,,,,,,,,,,,,,,,,,,,,,,,,,,,,,,,,,,,,,,,,,,
Leander Dendoncker,checked,Belgium,Wolves,Aerial,Engine,Central Midfielder,Marauder,78,£10000000.0,,,,,,,,,,,,,,,,,,,,,,,,,,,,,,,,,,,,,,,,,,,,,,,,
Archie Gray,checked,England,Leeds,Engine,Controller,Central Midfielder,Box-To-Box,78,£20000000.0,,,,,,,,,,,,,,,,,,,,,,,,,,,,,,,,,,,,,,,,,,,,,,,,
Christian Benteke,checked,Belgium,Aston Villa,Aerial,Powerhouse,Central Forward,Bomber,78,£20000000.0,,,,,,,,,,,,,,,,,,,,,,,,,,,,,,,,,,,,,,,,,,,,,,,,
Chris Wood,checked,New Zealand,Burnley,Aerial,Striker,Central Forward,Target,78,£10000000.0,,,,,,,,,,,,,,,,,,,,,,,,,,,,,,,,,,,,,,,,,,,,,,,,
Jay Rodriguez,checked,England,Burnley,Striker,Engine,Central Forward,Poacher,78,£7000000.0,,,,,,,,,,,,,,,,,,,,,,,,,,,,,,,,,,,,,,,,,,,,,,,,
Dominic Calvert-Lewin,checked,England,Everton,Aerial,Striker,Central Forward,Target,78,£15000000.0,,,,,,,,,,,,,,,,,,,,,,,,,,,,,,,,,,,,,,,,,,,,,,,,
Matt Lowton,checked,England,Burnley,Cover,Engine,Wide Defender,Fullback,77,£4000000.0,,,,,,,,,,,,,,,,,,,,,,,,,,,,,,,,,,,,,,,,,,,,,,,,
Charlie Taylor,checked,England,Burnley,Cover,Engine,Wide Defender,Fullback,77,£4000000.0,,,,,,,,,,,,,,,,,,,,,,,,,,,,,,,,,,,,,,,,,,,,,,,,
Jonny,checked,Portugal,Wolves,Cover,Engine,Wide Defender,Fullback,77,£8000000.0,,,,,,,,,,,,,,,,,,,,,,,,,,,,,,,,,,,,,,,,,,,,,,,,
Manuel Lanzini,checked,Argentina,West Ham,Creator,Dribbler,Wide Midfielder,Magician,77,£30000000.0,,,,,,,,,,,,,,,,,,,,,,,,,,,,,,,,,,,,,,,,,,,,,,,,
Jeff Hendrick,checked,Ireland,Burnley,Engine,Passer,Central Midfielder,Metronome,77,£3000000.0,,,,,,,,,,,,,,,,,,,,,,,,,,,,,,,,,,,,,,,,,,,,,,,,
Ashley Westwood,checked,England,Burnley,Engine,Passer,Central Midfielder,Metronome,77,£2000000.0,,,,,,,,,,,,,,,,,,,,,,,,,,,,,,,,,,,,,,,,,,,,,,,,
Dele Alli,checked,England,Tottenham Hotspur,Creator,Engine,Central Midfielder,Catalyst,77,£5000000.0,,,,,,,,,,,,,,,,,,,,,,,,,,,,,,,,,,,,,,,,,,,,,,,,
Jordan Ayew,checked,Ghana,Crystal Palace,Creator,Striker,Central Forward,Trequartista,77,£8000000.0,,,,,,,,,,,,,,,,,,,,,,,,,,,,,,,,,,,,,,,,,,,,,,,,
Tim Krul,checked,Netherlands,Norwich City,Acrobat,Orthodox,Keeper,Shotstopper,76,£8000000.0,,,,,,,,,,,,,,,,,,,,,,,,,,,,,,,,,,,,,,,,,,,,,,,,
Fraser Forster,checked,England,Southampton,Orthodox,Commander,Keeper,Sentinel,76,£2000000.0,,,,,,,,,,,,,,,,,,,,,,,,,,,,,,,,,,,,,,,,,,,,,,,,
Mathew Ryan,checked,Australia,Brighton,Distributor,Sweeper,Keeper,Libero GK,76,£3000000.0,,,,,,,,,,,,,,,,,,,,,,,,,,,,,,,,,,,,,,,,,,,,,,,,
Shane Duffy,checked,Ireland,Brighton,Aerial,Stopper,Central Defender,Tower,76,£4000000.0,,,,,,,,,,,,,,,,,,,,,,,,,,,,,,,,,,,,,,,,,,,,,,,,
Mario Balotelli,checked,Italy,Manchester City,Striker,Powerhouse,Central Forward,Rifle,76,£50000000.0,,,,,,,,,,,,,,,,,,,,,,,,,,,,,,,,,,,,,,,,,,,,,,,,
Josh Brownhill,checked,England,Burnley,Engine,Controller,Central Midfielder,Box-To-Box,75,£1000000.0,,,,,,,,,,,,,,,,,,,,,,,,,,,,,,,,,,,,,,,,,,,,,,,,
Danny Batth,checked,England,Wolves,Stopper,Powerhouse,Central Defender,Rock,73,£1500000.0,,,,,,,,,,,,,,,,,,,,,,,,,,,,,,,,,,,,,,,,,,,,,,,,
Thomas Kaminski,checked,Poland,Bluefield,Orthodox,Acrobat,Keeper,Wall,72,£1000000.0,,,,,,,,,,,,,,,,,,,,,,,,,,,,,,,,,,,,,,,,,,,,,,,,
,checked,,,,,,,,,Average,Average,Average,Average,Average,Average,Average,Average,Average,Average,Average,Average,Average,Average,Average,Average,Average,Average,Average,Average,Average,Average,Average,Average,Average,Average,Average,Average,Average,Average,Average,Average,Average,Average,Average,Average,Average,Average,Average,Average,Average,Average,Average,Average,Average,Average,Average,Average