Rk,Player,Nation,Pos,Squad,Age,Born,MP,Starts,Min,90s,Gls,Ast,G+A,G-PK,PK,PKatt,CrdY,CrdR
1,Ragnar Ache,de GER,FW,Köln,27-231,1998,25,14,1436,16.0,5,3,8,5,0,0,2,0
2,Junior Adamu,at AUT,FW,Freiburg,24-283,2001,9,7,446,5.0,1,1,2,1,0,0,1,0
3,Karim Adeyemi,de GER,"MF,FW",Dortmund,24-057,2002,24,14,1098,12.2,6,3,9,6,0,0,3,0
4,Jonas Adjetey,gh GHA,DF,Wolfsburg,22-093,2003,4,1,137,1.5,0,0,0,0,0,0,1,0
5,Oladapo Afolayan,eng ENG,MF,St Pauli,28-032,1998,7,1,150,1.7,0,0,0,0,0,0,1,0
6,Felix Agu,ng NGA,"DF,MF",Werder Bremen,26-170,1999,8,7,576,6.4,0,0,0,0,0,0,1,0
7,Kevin Akpoguma,ng NGA,DF,Hoffenheim,30-331,1995,5,1,43,0.5,0,0,0,0,0,0,0,1
8,Skelly Alvero,fr FRA,MF,Werder Bremen,23-316,2002,2,0,34,0.4,0,0,0,0,0,0,0,0
9,Ayoube Amaimouni Echghouya,ma MAR,"MF,FW",Eintracht Frankfurt,21-106,2004,10,3,310,3.4,2,1,3,2,0,0,1,0
10,Aurele Amenda,ch SUI,DF,Eintracht Frankfurt,22-228,2003,16,10,967,10.7,0,0,0,0,0,0,3,0
11,Nadiem Amiri,de GER,MF,Mainz 05,29-140,1996,20,19,1646,18.3,10,2,12,3,7,7,6,0
12,Mohamed Amoura,dz ALG,"FW,MF",Wolfsburg,25-311,2000,23,18,1523,16.9,8,3,11,7,1,1,2,0
13,Tomoya Ando,jp JPN,DF,St Pauli,27-065,1999,8,7,632,7.0,0,0,0,0,0,0,1,0
14,Robert Andrich,de GER,"DF,MF",Leverkusen,31-175,1994,25,22,1949,21.7,1,0,1,1,0,0,6,1
15,Ilyas Ansah,de GER,"MF,FW",Union Berlin,21-128,2004,26,19,1580,17.6,5,1,6,5,0,0,1,0
16,Aaron Anselmino,ar ARG,DF,Dortmund,20-321,2005,6,4,368,4.1,1,0,1,1,0,0,0,0
17,Waldemar Anton,de GER,DF,Dortmund,29-239,1996,24,24,2160,24.0,2,0,2,2,0,0,3,0
18,Jeremy Arévalo,ec ECU,FW,Stuttgart,20-362,2005,5,0,29,0.3,0,0,0,0,0,0,0,0
19,Maximilian Arnold,de GER,MF,Wolfsburg,31-293,1994,21,20,1814,20.2,1,4,5,1,0,0,5,0
20,Love Arrhov,se SWE,FW,Eintracht Frankfurt,17-303,2008,3,0,19,0.2,0,0,0,0,0,0,1,0
21,Arthur,br BRA,MF,Leverkusen,22-364,2003,16,13,1048,11.6,1,3,4,1,0,0,2,0
22,Fisnik Asllani,xk KVX,"FW,MF",Hoffenheim,23-220,2002,25,23,1746,19.4,8,5,13,8,0,0,1,0
23,Lorenz Assignon,tg TOG,"DF,MF",Stuttgart,25-267,2000,18,8,781,8.7,0,0,0,0,0,0,2,1
24,Noah Atubolu,de GER,GK,Freiburg,23-295,2002,26,26,2340,26.0,0,0,0,0,0,0,0,0
25,Leon Avdullahu,xk KVX,MF,Hoffenheim,22-021,2004,26,26,2264,25.2,0,1,1,0,0,0,4,0
26,Mio Backhaus,de GER,GK,Werder Bremen,21-334,2004,24,24,2160,24.0,0,0,0,0,0,0,0,0
27,Loïc Badé,fr FRA,DF,Leverkusen,25-339,2000,19,16,1377,15.3,0,0,0,0,0,0,4,0
28,Johan Bakayoko,be BEL,"FW,MF",RB Leipzig,22-330,2003,16,8,728,8.1,2,0,2,2,0,0,1,0
29,Ridle Baku,de GER,DF,RB Leipzig,27-342,1998,24,21,1887,21.0,1,3,4,1,0,0,3,0
30,Fabio Baldé,pt POR,FW,Hamburger SV,20-239,2005,12,2,314,3.5,0,1,1,0,0,0,1,0
31,Noahkai Banks,us USA,DF,Augsburg,19-105,2006,21,19,1650,18.3,1,1,2,1,0,0,8,0
32,Ezechiel Banzuzi,nl NED,MF,RB Leipzig,21-028,2005,22,2,537,6.0,0,1,1,0,0,0,3,0
33,Michy Batshuayi,be BEL,FW,Eintracht Frankfurt,32-165,1993,6,1,139,1.5,1,0,1,0,1,1,0,0
34,Daniel Batz,de GER,GK,Mainz 05,35-063,1991,14,14,1260,14.0,0,0,0,0,0,0,1,0
35,Elias Baum,de GER,DF,Eintracht Frankfurt,20-141,2005,3,0,38,0.4,0,0,0,0,0,0,0,0
36,Oliver Baumann,de GER,GK,Hoffenheim,35-287,1990,26,26,2340,26.0,0,0,0,0,0,0,1,0
37,Christoph Baumgartner,at AUT,MF,RB Leipzig,26-227,1999,25,24,2065,22.9,10,6,16,10,0,0,1,6
38,Ihlas Bebou,tg TOG,"FW,MF",Hoffenheim,31-327,1994,15,0,183,2.0,0,0,0,0,0,0,1,0
39,Adrian Beck,de GER,MF,Heidenheim,28-280,1997,19,8,769,8.5,1,0,1,1,0,0,0,0
40,Sheraldo Becker,sr SUR,FW,Mainz 05,31-035,1995,6,3,331,3.7,1,1,2,1,0,0,1,0
41,Hannes Behrens,de GER,"MF,DF",Heidenheim,21-056,2005,8,7,640,7.1,0,2,2,0,0,0,0,0
42,Maximilian Beier,de GER,"MF,FW",Dortmund,23-150,2002,24,17,1437,16.0,8,4,12,8,0,0,2,0
43,Stefan Bell,de GER,DF,Mainz 05,34-204,1991,18,13,1039,11.5,2,1,3,2,0,0,4,0
44,Jobe Bellingham,eng ENG,MF,Dortmund,20-174,2005,24,12,1124,12.5,0,1,1,0,0,0,1,1
45,Jeanuël Belocian,fr FRA,DF,Leverkusen,21-027,2005,8,3,292,3.2,0,0,0,0,0,0,0,0
46,Jeanuël Belocian,fr FRA,"DF,MF",Wolfsburg,21-027,2005,6,6,534,5.9,0,1,1,0,0,0,1,0
47,Eliesse Ben Seghir,ma MAR,MF,Leverkusen,21-028,2005,7,2,199,2.2,0,0,0,0,0,0,2,0
48,Ramy Bensebaini,dz ALG,DF,Dortmund,30-334,1995,16,12,1166,13.0,2,0,2,2,0,0,5,0
49,Bernardo,br BRA,DF,Hoffenheim,30-306,1995,21,20,1773,19.7,0,0,0,0,0,0,6,0
50,Jan-Niklas Beste,de GER,MF,Freiburg,27-071,1999,20,15,1301,14.5,1,2,3,1,0,0,5,0
51,Tom Bischof,de GER,"DF,MF",Bayern Munich,20-261,2005,21,10,912,10.1,0,3,3,0,0,0,2,0
52,Leonardo Bittencourt,de GER,MF,Werder Bremen,32-087,1993,12,2,343,3.8,0,1,1,0,0,0,3,0
53,Janis Blaswich,de GER,GK,Leverkusen,34-318,1991,10,9,841,9.3,0,0,0,0,0,0,0,0
54,Ben Bobzien,de GER,FW,Mainz 05,22-321,2003,1,0,9,0.1,0,0,0,0,0,0,0,0
55,Sacha Boey,fr FRA,DF,Bayern Munich,25-184,2000,9,5,463,5.1,0,0,0,0,0,0,1,0
56,Dmytro Bohdanov,ua UKR,MF,Union Berlin,19-010,2007,1,0,1,0.0,0,0,0,0,0,0,0,0
57,Hugo Bolin,se SWE,MF,Gladbach,22-235,2003,6,3,275,3.1,0,0,0,0,0,0,0,0
58,Victor Boniface,ng NGA,FW,Werder Bremen,25-083,2000,11,2,333,3.7,0,2,2,0,0,0,1,0
59,Badredine Bouanani,dz ALG,MF,Stuttgart,21-098,2004,12,5,444,4.9,0,0,0,0,0,0,1,0
60,Julian Brandt,de GER,"MF,FW",Dortmund,29-318,1996,21,13,1216,13.5,6,3,9,6,0,0,0,0
61,Nathaniel Brown,de GER,"MF,DF",Eintracht Frankfurt,22-273,2003,25,21,1981,22.0,3,4,7,3,0,0,3,0
62,Marius Bülter,de GER,"FW,MF",Köln,32-352,1993,24,14,1212,13.5,3,3,6,3,0,0,3,0
63,Livan Burcu,tr TUR,"MF,FW",Union Berlin,21-169,2004,11,3,396,4.4,0,0,0,0,0,0,3,0
64,Jan Bürger,de GER,"MF,DF",Wolfsburg,19-006,2007,7,2,247,2.7,0,0,0,0,0,0,0,0
65,Wouter Burger,nl NED,MF,Hoffenheim,25-028,2001,23,23,1832,20.4,4,5,9,4,0,0,4,1
66,Jonathan Burkardt,de GER,FW,Eintracht Frankfurt,25-248,2000,14,10,888,9.9,9,0,9,7,2,2,1,0
67,Oliver Burke,sct SCO,"MF,FW",Union Berlin,28-343,1997,22,14,1082,12.0,4,1,5,4,0,0,2,0
68,Marnon Busch,de GER,"DF,MF",Heidenheim,31-098,1994,22,13,1330,14.8,0,2,2,0,0,0,2,0
69,Aurélio Buta,pt POR,DF,Eintracht Frankfurt,29-034,1997,4,1,144,1.6,0,0,0,0,0,0,1,0
70,William Bøving,dk DEN,MF,Mainz 05,23-015,2003,7,2,202,2.2,0,1,1,0,0,0,1,0
71,Anthony Caci,fr FRA,MF,Mainz 05,28-258,1997,4,4,310,3.4,0,0,0,0,0,0,1,0
72,Cole Campbell,us USA,FW,Dortmund,20-024,2006,1,0,17,0.2,0,0,0,0,0,0,0,0
73,Cole Campbell,us USA,FW,Hoffenheim,20-024,2006,1,0,5,0.1,0,0,0,0,0,0,0,0
74,Emre Can,de GER,DF,Dortmund,32-063,1994,9,7,621,6.9,3,0,3,0,3,3,3,0
75,Nicolás Capaldo,ar ARG,"DF,MF",Hamburger SV,28-183,1997,20,19,1540,17.1,1,1,2,1,0,0,6,0
76,Maycon Cardozo,br BRA,MF,Bayern Munich,17-157,2008,1,0,30,0.3,0,0,0,0,0,0,0,0
77,Alessio Castro-Montes,be BEL,"MF,DF",Köln,28-303,1997,8,5,429,4.8,0,3,3,0,0,0,2,0
78,Abdoulie Ceesay,gm GAM,"MF,FW",St Pauli,22-070,2004,15,0,217,2.4,0,0,0,0,0,0,2,0
79,Václav Černý,cz CZE,"FW,MF",Wolfsburg,28-150,1997,2,0,47,0.5,0,0,0,0,0,0,0,0
80,Julian Chabot,de GER,DF,Stuttgart,28-032,1998,20,19,1700,18.9,0,0,0,0,0,0,3,0
81,El Chadaille Bitshiabu,fr FRA,DF,RB Leipzig,20-304,2005,7,4,340,3.8,0,0,0,0,0,0,0,0
82,Fares Chaïbi,dz ALG,MF,Eintracht Frankfurt,23-108,2002,20,17,1370,15.2,2,8,10,2,0,0,1,0
83,Arthur Chaves,br BRA,DF,Hoffenheim,25-046,2001,4,2,240,2.7,0,0,0,0,0,0,1,0
84,Arthur Chaves,br BRA,DF,Augsburg,25-046,2001,5,5,399,4.4,1,0,1,1,0,0,0,0
85,Felipe Chávez,pe PER,MF,Bayern Munich,18-340,2007,2,0,14,0.2,0,0,0,0,0,0,0,0
86,Felipe Chávez,pe PER,MF,Köln,18-340,2007,3,0,21,0.2,0,0,0,0,0,0,0,0
87,Chema,es ESP,MF,Stuttgart,20-325,2005,18,9,875,9.7,1,0,1,1,0,0,2,0
88,Fabio Chiarodia,it ITA,DF,Gladbach,20-284,2005,10,5,410,4.6,0,0,0,0,0,0,0,0
89,Carney Chukwuemeka,eng ENG,"MF,FW",Dortmund,22-147,2003,21,6,670,7.4,2,0,2,2,0,0,1,0
90,Alexis Claude-Maurice,fr FRA,"MF,FW",Augsburg,27-283,1998,22,19,1584,17.6,4,4,8,3,1,1,3,0
91,Nnamdi Collins,de GER,DF,Eintracht Frankfurt,22-065,2004,22,15,1437,16.0,1,2,3,1,0,0,4,0
92,Christian Conteh,de GER,"MF,FW",Heidenheim,26-201,1999,4,3,261,2.9,0,0,0,0,0,0,0,0
93,Sirlord Conteh,de GER,"MF,FW",Heidenheim,29-250,1996,14,3,598,6.6,2,1,3,2,0,0,1,0
94,Danny da Costa,de GER,"DF,MF",Mainz 05,32-246,1993,26,23,2112,23.5,2,3,5,2,0,0,3,0
95,Vladimír Coufal,cz CZE,"DF,MF",Hoffenheim,33-206,1992,26,26,2324,25.8,1,6,7,1,0,0,3,0
96,Abdoul Coulibaly,de GER,DF,Werder Bremen,18-297,2007,21,20,1730,19.2,1,0,1,1,0,0,5,1
97,Yan Couto,br BRA,MF,Dortmund,23-286,2002,17,11,987,11.0,1,2,3,1,0,0,4,0
98,Patrice Čović,hr CRO,MF,Werder Bremen,18-264,2007,13,2,288,3.2,1,0,1,1,0,0,1,0
99,Montrell Culbreath,de GER,MF,Leverkusen,18-199,2007,4,2,185,2.1,1,0,1,1,0,0,0,0
100,Adam Daghim,dk DEN,MF,Wolfsburg,20-169,2005,20,9,1060,11.8,2,2,4,2,0,0,1,0
101,Finn Dahmen,de GER,GK,Augsburg,27-354,1998,26,26,2340,26.0,0,0,0,0,0,0,1,0
102,Mahmoud Dahoud,de GER,"MF,FW",Eintracht Frankfurt,30-074,1996,13,7,629,7.0,2,2,4,2,0,0,0,0
103,David Daiber,pt POR,FW,Bayern Munich,19-065,2007,2,0,29,0.3,0,0,0,0,0,0,0,0
104,Ameen Al-Dakhil,be BEL,DF,Stuttgart,24-010,2002,8,3,380,4.2,0,0,0,0,0,0,1,0
105,Muhammed Damar,de GER,"MF,FW",Hoffenheim,21-341,2004,12,2,259,2.9,0,0,0,0,0,0,0,0
106,Bence Dárdai,hu HUN,MF,Wolfsburg,20-051,2006,1,0,35,0.4,0,0,0,0,0,0,0,0
107,Aiman Dardari,lu LUX,MF,Augsburg,20-360,2005,3,0,34,0.4,0,0,0,0,0,0,1,0
108,Alphonso Davies,ca CAN,DF,Bayern Munich,25-134,2000,8,4,358,4.0,0,1,1,0,0,0,1,0
109,Olivier Deman,be BEL,"MF,DF",Werder Bremen,25-344,2000,8,6,534,5.9,1,1,2,1,0,0,2,0
110,Ermedin Demirović,ba BIH,FW,Stuttgart,27-356,1998,17,14,1155,12.8,8,2,10,7,1,1,4,0
111,Rav van den Berg,nl NED,DF,Köln,21-252,2004,12,10,951,10.6,0,1,1,0,0,0,0,1
112,Luis Díaz,co COL,MF,Bayern Munich,29-062,1997,25,23,2069,23.0,15,11,26,15,0,0,7,1
113,Kevin Diks,id IDN,DF,Gladbach,29-161,1996,23,22,1952,21.7,4,0,4,0,4,4,5,0
114,Eren Dinkçi,de GER,"MF,FW",Heidenheim,24-093,2001,7,6,531,5.9,1,1,2,1,0,0,1,0
115,Eren Dinkçi,de GER,MF,Freiburg,24-093,2001,8,3,248,2.8,0,0,0,0,0,0,1,0
116,Yan Diomandé,ci CIV,"FW,MF",RB Leipzig,19-122,2006,25,20,1806,20.1,10,5,15,10,0,0,2,0
117,Ritsu Doan,jp JPN,MF,Eintracht Frankfurt,27-273,1998,26,24,2004,22.3,4,5,9,4,0,0,3,0
118,Danilho Doekhi,nl NED,DF,Union Berlin,27-259,1998,26,26,2340,26.0,4,0,4,4,0,0,3,0
119,Jean-Luc Dompé,fr FRA,"FW,MF",Hamburger SV,30-216,1995,19,12,1137,12.6,3,0,3,2,1,1,0,0
120,Niklas Dorsch,de GER,MF,Heidenheim,28-060,1998,24,20,1664,18.5,0,0,0,0,0,0,2,0
121,Damion Downs,us USA,FW,Hamburger SV,21-253,2004,8,6,478,5.3,0,0,0,0,0,0,0,0
122,Adam Dźwigała,pl POL,DF,St Pauli,30-172,1995,16,12,1077,12.0,1,1,2,1,0,0,5,0
123,Younes Ebnoutalib,de GER,FW,Eintracht Frankfurt,22-184,2003,2,2,109,1.2,1,0,1,1,0,0,0,0
124,Claudio Echeverri,ar ARG,MF,Leverkusen,20-073,2006,6,1,134,1.5,0,0,0,0,0,0,0,0
125,Yannick Eduardo,cz CZE,FW,Hoffenheim,20-052,2006,1,0,1,0.0,0,0,0,0,0,0,0,0
126,Maximilian Eggestein,de GER,MF,Freiburg,29-098,1996,26,26,2340,26.0,2,0,2,2,0,0,3,0
127,Daniel Elfadli,ly LBY,DF,Hamburger SV,28-344,1997,19,14,1170,13.0,0,0,0,0,0,0,6,1
128,Nico Elvedi,ch SUI,DF,Gladbach,29-167,1996,26,26,2336,26.0,0,0,0,0,0,0,2,0
129,Yannik Engelhardt,de GER,MF,Gladbach,25-037,2001,23,21,1801,20.0,2,1,3,2,0,0,5,0
130,Christian Eriksen,dk DEN,MF,Wolfsburg,34-030,1992,23,19,1749,19.4,2,6,8,0,2,2,4,0
131,Samuel Essende,cd COD,"MF,FW",Augsburg,28-052,1998,14,2,414,4.6,1,0,1,1,0,0,2,0
132,Frank Feller,de GER,GK,Heidenheim,22-068,2004,1,1,90,1.0,0,0,0,0,0,0,0,0
133,Robin Fellhauer,de GER,MF,Augsburg,28-054,1998,26,24,2131,23.7,2,1,3,2,0,0,2,0
134,Ezequiél Fernández,ar ARG,MF,Leverkusen,23-234,2002,16,11,905,10.1,0,0,0,0,0,0,4,1
135,Max Finkgräfe,de GER,DF,RB Leipzig,21-354,2004,6,1,131,1.5,0,0,0,0,0,0,0,0
136,Kilian Fischer,de GER,DF,Wolfsburg,25-155,2000,11,10,800,8.9,0,0,0,0,0,0,0,0
137,Mark Flekken,nl NED,GK,Leverkusen,32-276,1993,17,17,1499,16.7,0,0,0,0,0,0,2,0
138,Jonas Föhrenbach,de GER,"DF,MF",Heidenheim,30-049,1996,19,18,1650,18.3,1,1,2,1,0,0,3,0
139,Oscar Fraulo,dk DEN,MF,Gladbach,22-100,2003,4,0,43,0.5,1,0,1,1,0,0,0,0
140,Marco Friedl,at AUT,DF,Werder Bremen,28-000,1998,24,24,2118,23.5,1,0,1,1,0,0,7,0
141,Marvin Friedrich,de GER,DF,Gladbach,30-093,1995,5,1,149,1.7,0,0,0,0,0,0,0,0
142,Chris Führich,de GER,MF,Stuttgart,28-066,1998,25,13,1146,12.7,4,5,9,4,0,0,1,0
143,Joel Fujita,jp JPN,MF,St Pauli,24-028,2002,25,24,2123,23.6,1,3,4,1,0,0,4,0
144,Aleix García,es ESP,MF,Leverkusen,28-261,1997,26,24,2104,23.4,2,5,7,2,0,0,4,0
145,Jusuf Gazibegović,ba BIH,DF,Köln,26-005,2000,1,0,23,0.3,0,0,0,0,0,0,0,0
146,Valentin Gendrey,fr FRA,DF,Hoffenheim,25-268,2000,8,0,59,0.7,1,1,2,1,0,0,0,0
147,Yannick Gerhardt,de GER,MF,Wolfsburg,32-003,1994,15,12,1006,11.2,1,0,1,1,0,0,1,0
148,Ismaël Gharbi,tn TUN,MF,Augsburg,21-340,2004,5,0,92,1.0,0,0,0,0,0,0,0,0
149,Dimitris Giannoulis,gr GRE,MF,Augsburg,30-150,1995,20,18,1365,15.2,2,3,5,2,0,0,6,0
150,Benedikt Gimber,de GER,DF,Heidenheim,29-025,1997,19,17,1367,15.2,0,0,0,0,0,0,6,0
151,Matthias Ginter,de GER,DF,Freiburg,32-056,1994,25,25,2250,25.0,2,2,4,2,0,0,1,0
152,Robert Glatzel,de GER,FW,Hamburger SV,32-067,1994,14,3,295,3.3,1,1,2,1,0,0,0,0
153,Serge Gnabry,de GER,MF,Bayern Munich,30-245,1995,19,14,1069,11.9,6,6,12,6,0,0,1,0
154,Giorgi Gocholeishvili,ge GEO,MF,Hamburger SV,25-030,2001,20,9,858,9.5,0,2,2,0,0,0,3,1
155,Tidiam Gomis,fr FRA,FW,RB Leipzig,19-220,2006,15,2,316,3.5,1,0,1,1,0,0,0,0
156,Leon Goretzka,de GER,MF,Bayern Munich,31-038,1995,23,17,1319,14.7,2,1,3,2,0,0,4,0
157,Mario Götze,de GER,MF,Eintracht Frankfurt,33-286,1992,18,7,769,8.5,0,0,0,0,0,0,1,0
158,Jeffrey Gouweleeuw,nl NED,DF,Augsburg,34-249,1991,5,4,365,4.1,0,0,0,0,0,0,2,0
159,Kamil Grabara,pl POL,GK,Wolfsburg,27-067,1999,26,26,2340,26.0,0,0,0,0,0,0,1,0
160,Michael Gregoritsch,at AUT,FW,Augsburg,31-332,1994,10,5,437,4.9,3,1,4,2,1,1,2,0
161,Vincenzo Grifo,it ITA,MF,Freiburg,32-343,1993,26,16,1279,14.2,7,1,8,3,4,4,0,0
162,Álex Grimaldo,es ESP,MF,Leverkusen,30-177,1995,21,21,1801,20.0,6,4,10,4,2,2,5,0
163,Pascal Groß,de GER,MF,Dortmund,34-274,1991,11,7,613,6.8,0,1,1,0,0,0,0,0
164,Brajan Gruda,de GER,"MF,FW",RB Leipzig,21-289,2004,6,5,410,4.6,1,1,2,1,0,0,0,0
165,Marco Grüll,at AUT,"MF,FW",Werder Bremen,27-253,1998,26,20,1710,19.0,3,1,4,3,0,0,4,0
166,Raphaël Guerreiro,pt POR,MF,Bayern Munich,32-084,1993,12,4,457,5.1,3,2,5,3,0,0,0,0
167,Serhou Guirassy,gn GUI,FW,Dortmund,30-004,1996,25,21,1791,19.9,12,1,13,11,1,3,2,0
168,Péter Gulácsi,hu HUN,GK,RB Leipzig,35-314,1990,22,22,1918,21.3,0,0,0,0,0,0,1,0
169,Christian Günter,de GER,DF,Freiburg,33-016,1993,19,13,1155,12.8,0,3,3,0,0,0,2,0
170,Janik Haberer,de GER,MF,Union Berlin,31-348,1994,23,16,1314,14.6,0,1,1,0,0,0,8,0
171,Robin Hack,de GER,MF,Gladbach,27-201,1998,4,3,248,2.8,0,0,0,0,0,0,0,0
172,Albian Hajdari,xk KVX,DF,Hoffenheim,22-302,2003,22,21,1808,20.1,1,1,2,1,0,0,8,0
173,Andreas Hanche-Olsen,no NOR,DF,Mainz 05,29-058,1997,13,8,851,9.5,0,1,1,0,0,0,3,0
174,Isak Hansen-Aarøen,no NOR,MF,Werder Bremen,21-206,2004,1,0,2,0.0,0,0,0,0,0,0,0,0
175,Taichi Hara,jp JPN,FW,St Pauli,26-315,1999,2,0,23,0.3,0,0,0,0,0,0,0,0
176,Conrad Harder,dk DEN,FW,RB Leipzig,20-343,2005,23,7,771,8.6,2,3,5,2,0,0,3,0
177,Dominique Heintz,de GER,DF,Köln,32-213,1993,8,5,380,4.2,0,0,0,0,0,0,0,0
178,Ramon Hendriks,nl NED,DF,Stuttgart,24-241,2001,23,16,1419,15.8,0,2,2,0,0,0,2,0
179,Benjamin Henrichs,de GER,DF,RB Leipzig,29-021,1997,9,2,189,2.1,0,0,0,0,0,0,0,0
180,Pharell Hensel,de GER,MF,Wolfsburg,19-007,2007,5,1,69,0.8,0,0,0,0,0,0,0,0
181,Charles Herrmann,de GER,FW,Gladbach,20-054,2006,1,0,5,0.1,0,1,1,0,0,0,0,0
182,Daniel Heuer Fernandes,pt POR,GK,Hamburger SV,33-123,1992,26,26,2340,26.0,0,0,0,0,0,0,3,0
183,Piero Hincapié,ec ECU,DF,Leverkusen,24-066,2002,1,1,90,1.0,0,0,0,0,0,0,0,0
184,Adam Hložek,cz CZE,"FW,MF",Hoffenheim,23-234,2002,3,0,24,0.3,0,0,0,0,0,0,0,0
185,Nicolas Höfler,de GER,MF,Freiburg,36-007,1990,7,0,82,0.9,0,0,0,0,0,0,0,0
186,Jonas Hofmann,de GER,MF,Leverkusen,33-245,1992,21,11,974,10.8,2,2,4,2,0,0,3,0
187,Lucas Höler,de GER,"FW,MF",Freiburg,31-249,1994,25,19,1508,16.8,1,1,2,1,0,0,1,0
188,Benedict Hollerbach,de GER,"FW,MF",Mainz 05,24-303,2001,14,13,872,9.7,1,3,4,1,0,0,0,0
189,Franck Honorat,fr FRA,"MF,FW",Gladbach,29-217,1996,20,18,1456,16.2,1,5,6,1,0,0,0,0
190,Mathias Honsak,at AUT,"MF,FW",Heidenheim,29-086,1996,22,12,1011,11.2,0,0,0,0,0,0,1,0
191,Andreas Hountondji,bj BEN,"FW,MF",St Pauli,23-248,2002,13,9,634,7.0,4,0,4,4,0,1,1,0
192,Robin Hranáč,cz CZE,DF,Hoffenheim,26-046,2000,24,23,2032,22.6,0,0,0,0,0,0,4,0
193,Timo Hübers,de GER,DF,Köln,29-239,1996,8,8,675,7.5,0,0,0,0,0,0,0,0
194,Denis Huseinbasic,ba BIH,MF,Köln,24-256,2001,14,8,660,7.3,0,0,0,0,0,0,1,0
195,Oscar Højlund,dk DEN,MF,Eintracht Frankfurt,21-071,2005,19,7,741,8.2,0,1,1,0,0,0,3,1
196,Arijon Ibrahimović,de GER,MF,Heidenheim,20-095,2005,25,21,1835,20.4,1,2,3,0,1,1,2,0
197,Andrej Ilic,rs SRB,FW,Union Berlin,25-347,2000,24,18,1676,18.6,1,8,9,1,0,1,5,0
198,Samuele Inácio,it ITA,FW,Dortmund,17-348,2008,1,0,16,0.2,0,0,0,0,0,0,0,0
199,Cyriaque Irié,bf BFA,MF,Freiburg,20-269,2005,6,2,210,2.3,0,0,0,0,0,0,3,0
200,Jackson Irvine,au AUS,MF,St Pauli,33-009,1993,17,11,1003,11.1,0,0,0,0,0,0,0,0
201,Hiroki Ito,jp JPN,DF,Bayern Munich,26-308,1999,10,5,481,5.3,1,2,3,1,0,0,0,0
202,Nicolas Jackson,sn SEN,FW,Bayern Munich,24-269,2001,17,7,580,6.4,4,0,4,4,0,0,1,1
203,Ricky Jade-Jones,eng ENG,FW,St Pauli,24-265,2001,8,3,373,3.7,2,0,2,2,0,0,1,0
204,Lee Jae-sung,kr KOR,"MF,FW",Mainz 05,33-218,1992,24,24,1986,22.1,4,2,6,4,0,0,3,0
205,Kristijan Jakić,hr CRO,"MF,DF",Augsburg,28-306,1997,21,17,1466,16.3,1,1,2,1,0,0,4,0
206,Karl Jakob Heine,ee EST,GK,Werder Bremen,23-337,2002,2,2,180,2.0,0,0,0,0,0,0,0,0
207,Luca Jaquez,ch SUI,DF,Stuttgart,22-287,2003,9,8,642,7.1,0,1,1,0,0,0,1,0
208,Bakery Jatta,gm GAM,MF,Hamburger SV,27-283,1998,11,9,690,7.7,0,1,1,0,0,0,0,0
209,Finn Jeltsch,de GER,DF,Stuttgart,19-242,2006,19,14,1282,14.2,0,1,1,0,0,0,3,0
210,Castrop Jens,kr KOR,MF,Gladbach,22-230,2003,21,15,1166,13.0,1,0,1,1,0,0,1,1
211,Moritz Jenz,de GER,DF,Wolfsburg,26-320,1999,18,18,1606,17.8,1,0,1,1,0,0,6,0
212,Ísak Jóhannesson,is ISL,MF,Köln,22-358,2003,24,16,1365,15.2,1,1,2,1,0,0,3,0
213,Lazar Jovanović,rs SRB,FW,Stuttgart,19-106,2006,3,0,40,0.4,0,0,0,0,0,0,0,0
214,Anthony Jung,de GER,DF,Freiburg,34-133,1991,10,4,490,5.4,0,0,0,0,0,0,2,0
215,Josip Juranović,hr CRO,MF,Union Berlin,30-212,1995,6,2,191,2.1,0,0,0,0,0,0,1,0
216,Martijn Kaars,nl NED,FW,St Pauli,27-011,1999,21,11,1018,11.3,3,0,3,2,1,1,1,0
217,Ozan Kabak,tr TUR,DF,Hoffenheim,25-356,2000,17,10,1031,11.5,4,0,4,4,0,0,2,0
218,Anton Kade,de GER,"MF,FW",Augsburg,22-058,2004,20,11,1090,12.1,2,0,2,2,0,0,3,0
219,Florian Kainz,at AUT,MF,Köln,33-143,1992,12,2,244,2.7,1,0,1,1,0,0,0,0
220,Arnaud Kalimuendo,fr FRA,"FW,MF",Eintracht Frankfurt,24-055,2002,11,9,757,8.4,4,1,5,4,0,0,3,0
221,Jakub Kamiński,pl POL,"MF,FW",Köln,23-284,2002,26,26,2317,25.7,6,2,8,6,0,0,2,0
222,Kevin Kampl,si SVN,MF,RB Leipzig,35-158,1990,3,0,3,0.0,0,0,0,0,0,0,0,0
223,Harry Kane,eng ENG,"FW,MF",Bayern Munich,32-231,1993,25,22,1972,21.9,30,5,35,20,10,10,1,0
224,Atakan Karazor,tr TUR,MF,Stuttgart,29-154,1996,24,19,1615,17.9,0,0,0,0,0,0,4,0
225,Lennart Karl,de GER,MF,Bayern Munich,18-022,2008,22,13,1056,11.7,4,3,7,4,0,0,0,0
226,Silas Katompa,cd COD,FW,Mainz 05,27-161,1998,8,4,334,3.7,1,0,1,1,0,0,1,0
227,Mikkel Kaufmann,dk DEN,FW,Heidenheim,25-072,2001,14,6,522,5.8,1,1,2,1,0,0,2,0
228,Sota Kawasaki,jp JPN,"MF,DF",Mainz 05,24-229,2001,7,2,223,2.5,0,0,0,0,0,0,1,0
229,Yannik Keitel,de GER,DF,Augsburg,26-029,2000,4,1,165,1.8,0,0,0,0,0,0,2,0
230,Thomas Keller,de GER,DF,Heidenheim,26-223,1999,4,3,188,2.1,0,0,0,0,0,0,1,0
231,Aljoscha Kemlein,de GER,MF,Union Berlin,21-226,2004,24,18,1524,16.9,0,1,1,0,0,0,3,0
232,Luca Kerber,de GER,MF,Heidenheim,24-006,2002,13,7,563,6.3,2,0,2,2,0,0,2,0
233,Bilal El Khannouss,ma MAR,"MF,FW",Stuttgart,21-310,2004,19,16,1322,14.7,3,3,6,3,0,0,5,0
234,Rani Khedira,de GER,MF,Union Berlin,32-048,1994,25,25,2207,24.5,5,0,5,5,0,0,6,0
235,Cassiano Kial,de GER,DF,Bayern Munich,17-064,2009,1,0,1,0.0,0,0,0,0,0,0,0,0
236,Joshua Kimmich,de GER,MF,Bayern Munich,31-036,1995,22,18,1727,19.2,2,6,8,2,0,0,4,0
237,Tim Kleindienst,de GER,FW,Gladbach,30-197,1995,2,0,20,0.2,0,0,0,0,0,0,0,0
238,Lukas Klostermann,de GER,"DF,MF",RB Leipzig,29-286,1996,4,0,6,0.1,0,0,0,0,0,0,0,0
239,Ansgar Knauff,de GER,"MF,FW",Eintracht Frankfurt,24-065,2002,20,10,1005,11.2,4,1,5,4,0,0,2,0
240,Gregor Kobel,ch SUI,GK,Dortmund,28-100,1997,26,26,2340,26.0,0,0,0,0,0,0,2,0
241,Robin Koch,de GER,DF,Eintracht Frankfurt,29-242,1996,25,25,2203,24.5,3,1,4,3,0,0,3,1
242,Christian Kofane,cm CMR,"FW,MF",Leverkusen,19-233,2006,23,9,998,11.1,5,3,8,5,0,0,3,0
243,Derrick Köhn,gh GHA,"MF,DF",Union Berlin,27-040,1999,24,18,1615,17.9,1,1,2,0,1,1,4,1
244,Dominik Kohr,de GER,DF,Mainz 05,32-044,1994,21,21,1753,19.5,1,0,1,1,0,0,8,2
245,Adam Kölle,de GER,DF,Heidenheim,19-322,2006,6,0,93,1.0,1,0,1,1,0,0,1,0
246,Mert Kömür,de GER,"MF,FW",Augsburg,20-242,2005,23,15,1316,14.6,2,3,5,2,0,0,1,0
247,Samba Konaté,fr FRA,FW,RB Leipzig,17-017,2009,1,0,4,0.0,0,0,0,0,0,0,0,0
248,Ransford Königsdörffer,gh GHA,"FW,MF",Hamburger SV,24-184,2001,26,22,1751,19.5,4,1,5,4,0,1,1,0
249,Konstantinos Koulierakis,gr GRE,DF,Wolfsburg,22-108,2003,22,20,1853,20.6,2,0,2,2,0,0,4,0
250,Alex Král,cz CZE,MF,Union Berlin,27-301,1998,16,1,325,3.6,0,0,0,0,0,0,1,0
251,Andrej Kramarić,hr CRO,"MF,FW",Hoffenheim,34-270,1991,26,20,1665,18.5,10,5,15,7,3,3,1,0
252,Tom Krauß,de GER,"MF,DF",Köln,24-267,2001,22,16,1547,17.2,0,1,1,0,0,0,4,0
253,Rasmus Kristensen,dk DEN,"DF,MF",Eintracht Frankfurt,28-248,1997,19,18,1421,15.8,2,0,2,2,0,0,4,0
254,Lukas Kübler,de GER,DF,Freiburg,33-198,1992,16,15,1207,13.4,2,1,3,2,0,0,2,0
255,Sael Kumbedi,fr FRA,DF,Wolfsburg,20-355,2005,18,15,1343,14.9,0,5,5,0,0,0,2,0
256,Jonah Kusi-Asare,se SWE,FW,Bayern Munich,18-255,2007,1,0,5,0.1,0,0,0,0,0,0,0,0
257,Konrad Laimer,at AUT,DF,Bayern Munich,28-293,1997,21,17,1513,16.8,3,4,7,3,0,0,5,0
258,Hugo Larsson,se SWE,MF,Eintracht Frankfurt,21-262,2004,19,15,1310,14.6,1,2,3,1,0,0,0,0
259,Diogo Leite,pt POR,DF,Union Berlin,27-052,1999,16,16,1355,15.1,0,0,0,0,0,0,2,0
260,Maxim Leitsch,de GER,DF,Mainz 05,27-302,1998,3,2,162,1.8,0,0,0,0,0,0,0,0
261,Tim Lemperle,de GER,FW,Hoffenheim,24-039,2002,21,16,1341,14.9,7,2,9,6,1,1,1,0
262,Jamie Leweling,de GER,MF,Stuttgart,25-018,2001,25,20,1842,20.5,7,6,13,7,0,0,4,0
263,Philipp Lienhart,at AUT,DF,Freiburg,29-248,1996,12,11,896,10.0,0,0,0,0,0,0,4,1
264,Jesper Lindstrøm,dk DEN,MF,Wolfsburg,26-015,2000,9,2,245,2.7,0,0,0,0,0,0,2,0
265,Marin Ljubicic,hr CRO,FW,Union Berlin,24-016,2002,2,0,22,0.2,2,0,2,2,0,0,0,0
266,Castello Lukeba,fr FRA,DF,RB Leipzig,23-089,2002,21,20,1806,20.1,1,0,1,1,0,0,2,0
267,Kristoffer Lund,us USA,"DF,MF",Köln,23-306,2002,25,19,1702,18.9,0,1,1,0,0,0,2,0
268,Senne Lynen,be BEL,MF,Werder Bremen,27-025,1999,24,24,2122,23.6,0,0,0,0,0,0,4,0
269,Koki Machida,jp JPN,DF,Hoffenheim,28-203,1997,1,1,44,0.5,0,0,0,0,0,0,1,0
270,Shuto Machino,jp JPN,"FW,MF",Gladbach,26-167,1999,25,7,877,9.7,3,0,3,3,0,0,1,0
271,Arne Maier,de GER,MF,Augsburg,27-067,1999,1,0,4,0.0,0,0,0,0,0,0,0,0
272,Linton Maina,de GER,"MF,FW",Köln,26-266,1999,16,6,669,7.4,2,0,2,2,0,0,0,0
273,Patrick Mainka,de GER,DF,Heidenheim,31-130,1994,26,26,2340,26.0,1,1,2,1,0,0,1,0
274,Lovro Majer,hr CRO,MF,Wolfsburg,28-058,1998,23,16,1264,14.0,2,3,5,2,0,0,4,0
275,Jordy Makengo,fr FRA,DF,Freiburg,24-225,2001,15,10,945,10.5,0,0,0,0,0,0,1,0
276,Andrija Maksimović,rs SRB,FW,RB Leipzig,18-284,2007,8,0,93,1.0,0,0,0,0,0,0,0,0
277,Said El Mala,de GER,"FW,MF",Köln,19-202,2006,26,12,1314,14.6,9,3,12,9,0,0,2,0
278,Julián Malatini,ar ARG,DF,Werder Bremen,24-289,2001,11,5,516,5.7,0,0,0,0,0,0,3,0
279,Lennard Maloney,us USA,"DF,MF",Mainz 05,26-159,1999,16,4,447,5.0,0,0,0,0,0,0,1,0
280,Filippo Mane,it ITA,DF,Dortmund,21-008,2005,4,2,131,1.5,0,0,0,0,0,0,0,1
281,Johan Manzambi,ch SUI,MF,Freiburg,20-153,2005,20,19,1537,17.1,3,2,5,3,0,0,4,2
282,Eric Martel,de GER,"MF,DF",Köln,23-321,2002,25,24,2030,22.6,1,2,3,1,0,0,8,0
283,Han-Noah Massengo,fr FRA,MF,Augsburg,24-252,2001,26,25,2090,23.2,2,1,3,2,0,0,2,0
284,Igor Matanovic,hr CRO,FW,Freiburg,22-350,2003,23,8,1042,11.6,6,1,7,5,1,2,0,0
285,Chrislain Matsima,fr FRA,DF,Augsburg,23-305,2002,14,14,1260,14.0,1,1,2,1,0,0,5,0
286,Jean Mattéo Bahoya,fr FRA,"MF,FW",Eintracht Frankfurt,20-313,2005,23,13,1194,13.3,3,3,6,3,0,0,1,0
287,Ibrahim Maza,dz ALG,MF,Leverkusen,20-112,2005,20,12,1166,13.0,2,3,5,2,0,0,1,0
288,Samuel Mbangula,be BEL,"MF,FW",Werder Bremen,22-059,2004,20,11,987,11.0,3,2,5,3,0,0,0,0
289,Jonas Meffert,de GER,MF,Hamburger SV,31-193,1994,4,1,145,1.6,0,0,0,0,0,0,0,0
290,Connor Metcalfe,au AUS,FW,St Pauli,26-131,1999,17,1,303,3.4,0,1,1,0,0,0,1,0
291,Karol Mets,ee EST,DF,St Pauli,32-304,1993,18,17,1482,16.5,0,0,0,0,0,0,2,0
292,Wisdom Mike,de GER,FW,Bayern Munich,17-173,2008,4,0,30,0.3,0,0,0,0,0,0,0,0
293,William Mikelbrencis,fr FRA,"MF,DF",Hamburger SV,22-019,2004,20,10,937,10.4,0,3,3,0,0,0,2,0
294,Jovan Milošević,rs SRB,FW,Werder Bremen,20-228,2005,8,2,298,3.3,3,0,3,3,0,0,2,0
295,Kim Min-jae,kr KOR,DF,Bayern Munich,29-121,1996,18,12,1041,11.6,1,1,2,1,0,0,1,0
296,Maximilian Mittelstädt,de GER,"DF,MF",Stuttgart,28-363,1997,24,18,1618,18.0,4,3,7,1,3,3,3,0
297,Max Moerstedt,de GER,FW,Hoffenheim,20-060,2006,17,1,370,4.1,2,0,2,2,0,0,2,0
298,Wael Mohya,de GER,MF,Gladbach,17-075,2008,10,2,297,3.3,1,0,1,1,0,0,0,0
299,Fabio Moreno Fell,de GER,FW,Mainz 05,25-285,2000,2,1,77,0.9,0,0,0,0,0,0,0,0
300,Miro Muheim,ch SUI,"MF,DF",Hamburger SV,27-357,1998,25,24,2180,24.2,0,4,4,0,0,0,6,0
301,Salim Musah,de GER,FW,Werder Bremen,20-022,2006,1,0,6,0.1,0,0,0,0,0,0,0,0
302,Jamal Musiala,de GER,MF,Bayern Munich,23-018,2003,8,2,306,3.4,1,2,3,0,1,1,1,0
303,Phillipp Mwene,at AUT,MF,Mainz 05,32-046,1994,21,17,1453,16.1,0,1,1,0,0,0,3,0
304,Joakim Mæhle,dk DEN,"DF,MF",Wolfsburg,28-300,1997,8,6,514,5.7,0,1,1,0,0,0,0,0
305,Stanley N'Soki,fr FRA,"DF,MF",Union Berlin,26-341,1999,11,8,705,7.8,1,2,3,1,0,0,2,0
306,Nikolas Nartey,dk DEN,"MF,FW",Stuttgart,26-022,2000,22,10,909,10.1,2,1,3,2,0,0,1,0
307,Paul Nebel,de GER,MF,Mainz 05,23-157,2002,22,16,1416,15.7,2,1,3,2,0,0,2,2
308,Kosta Nedeljković,rs SRB,DF,RB Leipzig,20-090,2005,5,3,251,2.8,0,0,0,0,0,0,0,0
309,Luca Netz,de GER,"MF,DF",Gladbach,22-305,2003,15,10,940,10.4,0,2,2,0,0,0,1,0
310,Manuel Neuer,de GER,GK,Bayern Munich,39-354,1986,19,19,1620,18.0,0,0,0,0,0,0,0,0
311,Florian Neuhaus,de GER,"MF,FW",Gladbach,29-000,1997,16,11,902,10.0,0,1,1,0,0,0,0,0
312,Cenny Neumann,de GER,FW,Köln,19-063,2007,1,0,5,0.1,0,0,0,0,0,0,0,0
313,Jessic Ngankam,de GER,FW,Eintracht Frankfurt,25-239,2000,3,0,62,0.7,0,0,0,0,0,0,0,0
314,Youssoupha Niang,de GER,MF,Köln,19-356,2006,6,2,156,1.7,0,0,0,0,0,0,0,0
315,Moritz Nicolas,de GER,GK,Gladbach,28-146,1997,26,26,2340,26.0,0,0,0,0,0,0,0,0
316,Julian Niehues,de GER,MF,Heidenheim,24-333,2001,19,14,1107,12.3,3,0,3,3,0,0,1,0
317,Justin Njinmah,de GER,"FW,MF",Werder Bremen,25-121,2000,25,16,1359,15.1,4,0,4,4,0,0,1,0
318,Felix Nmecha,de GER,MF,Dortmund,25-157,2000,26,23,1980,22.0,2,3,5,2,0,0,0,0
319,Arnaud Nordin,fr FRA,"MF,FW",Mainz 05,27-272,1998,13,5,469,5.2,0,0,0,0,0,0,0,0
320,Alexander Nübel,de GER,GK,Stuttgart,29-167,1996,26,26,2340,26.0,0,1,1,0,0,0,0,0
321,Antonio Nusa,no NOR,"FW,MF",RB Leipzig,20-333,2005,23,19,1597,17.7,2,2,4,2,0,0,0,0
322,Tim Oermann,de GER,DF,Leverkusen,22-161,2003,1,0,9,0.1,0,0,0,0,0,0,0,0
323,Ifechukwu Ogbusch,ch SUI,DF,Freiburg,20-089,2005,10,8,762,8.5,0,0,0,0,0,0,0,0
324,Uchenna Ogundu,ng NGA,FW,Augsburg,19-308,2006,1,0,10,0.1,0,0,0,0,0,0,0,0
325,Michael Olise,fr FRA,MF,Bayern Munich,24-094,2001,24,20,1878,20.9,10,17,27,10,0,0,5,0
326,Warmed Omari,km COM,DF,Hamburger SV,25-327,2000,12,9,903,10.0,0,0,0,0,0,0,0,0
327,Loïs Openda,be BEL,FW,RB Leipzig,26-028,2000,2,1,51,0.6,0,0,0,0,0,0,0,0
328,Louis Oppie,de GER,MF,St Pauli,23-303,2002,19,15,1430,15.9,1,0,1,1,0,0,0,0
329,Willi Orban,hu HUN,DF,RB Leipzig,33-133,1992,26,26,2319,25.8,1,0,1,1,0,0,3,0
330,Patrick Osterhage,de GER,MF,Freiburg,26-043,2000,19,13,1187,13.2,1,0,1,1,0,0,4,0
331,Philip Otel,eng NGA,"MF,FW",Hamburger SV,26-335,1999,6,5,346,3.8,0,1,1,0,0,0,1,0
332,Assan Ouedraogo,de GER,"MF,FW",RB Leipzig,19-311,2006,12,9,609,6.8,3,3,6,3,0,0,0,0
333,Salih Özcan,tr TUR,MF,Dortmund,28-064,1998,7,0,35,0.4,0,0,0,0,0,0,0,0
334,Cenk Özkacar,tr TUR,DF,Köln,25-161,2000,17,12,1073,11.9,0,0,0,0,0,0,1,0
335,Exequiel Palacios,ar ARG,MF,Leverkusen,27-162,1998,10,4,389,4.3,0,0,0,0,0,0,2,0
336,Leart Paqarada,xk KVX,DF,Heidenheim,31-159,1994,1,1,6,0.1,0,0,0,0,0,0,0,0
337,Kevin Paredes,us USA,MF,Wolfsburg,22-313,2003,5,1,156,1.7,0,0,0,0,0,0,1,0
338,Aleksandar Pavlovic,de GER,MF,Bayern Munich,21-317,2004,21,14,1337,14.9,3,1,4,3,0,0,2,0
339,Mads Pedersen,dk DEN,MF,Augsburg,29-196,1996,6,1,180,2.0,0,0,0,0,0,0,0,0
340,Dženan Pejčinović,de GER,FW,Wolfsburg,21-029,2005,23,11,984,10.9,5,0,5,5,0,0,1,0
341,Mathias Pereira Lage,pt POR,"FW,MF",St Pauli,29-106,1996,24,21,1672,18.6,1,2,3,1,0,0,2,0
342,Immanuel Pherai,sr SUR,"FW,MF",Hamburger SV,24-325,2001,6,0,35,0.4,0,0,0,0,0,0,2,1
343,Rayan Philippe,fr FRA,"FW,MF",Hamburger SV,25-144,2000,22,11,1090,12.1,5,0,5,5,0,1,2,0
344,Amos Pieper,de GER,DF,Werder Bremen,28-058,1998,12,12,959,10.7,0,0,0,0,0,0,3,0
345,Marvin Pieringer,de GER,FW,Heidenheim,26-163,1999,19,13,1068,11.9,2,0,2,2,0,0,2,0
346,Ernest Poku,nl NED,MF,Leverkusen,22-047,2004,24,15,1383,15.4,5,4,9,5,0,0,0,0
347,Stefan Posch,at AUT,DF,Mainz 05,28-306,1997,8,8,720,8.0,0,0,0,0,0,0,4,0
348,Kacper Potulski,pl POL,DF,Mainz 05,18-148,2007,11,7,771,8.6,1,0,1,1,0,0,3,0
349,Yussuf Poulsen,dk DEN,FW,Hamburger SV,31-274,1994,12,1,301,3.3,1,0,1,1,0,0,4,0
350,Alexander Prass,at AUT,MF,Hoffenheim,24-294,2001,24,10,999,11.1,3,2,5,3,0,0,2,0
351,Grischa Prömel,de GER,MF,Hoffenheim,31-066,1995,26,13,1402,15.6,7,2,9,7,0,0,3,0
352,Cameron Puertas,ch SUI,MF,Werder Bremen,27-210,1998,21,15,1282,14.2,0,1,1,0,0,0,4,0
353,Arkadiusz Pyrka,pl POL,MF,St Pauli,23-177,2002,23,22,1856,20.6,0,1,1,0,0,0,3,0
354,Jarell Quansah,eng ENG,DF,Leverkusen,23-046,2003,22,19,1789,19.9,3,0,3,3,0,0,7,0
355,Leopold Querfeld,at AUT,DF,Union Berlin,22-086,2003,25,25,2250,25.0,2,0,2,0,2,3,6,0
356,Matheo Raab,de GER,GK,Union Berlin,27-088,1998,1,1,90,1.0,0,0,0,0,0,0,0,0
357,Diant Ramaj,de GER,GK,Heidenheim,24-178,2001,25,25,2250,25.0,0,0,0,0,0,0,1,0
358,Guilherme Ramos,pt POR,DF,Hamburger SV,28-217,1997,8,0,48,0.5,0,0,0,0,0,0,0,0
359,Grant Rano,am ARM,FW,Gladbach,22-239,2003,8,0,119,1.3,1,0,1,1,0,0,1,0
360,Mathias Rasmussen,no NOR,MF,St Pauli,28-111,1997,5,3,288,3.2,0,0,0,0,0,0,0,0
361,David Raum,de GER,DF,RB Leipzig,27-328,1998,25,25,2212,24.6,3,5,8,2,1,1,6,0
362,Luca Reggiani,it ITA,DF,Dortmund,18-066,2008,4,2,199,2.2,1,0,1,1,0,0,1,0
363,Rocco Reitz,de GER,MF,Gladbach,23-291,2002,24,24,2019,22.4,0,2,2,0,0,0,6,1
364,Nicolai Remberg,de GER,MF,Hamburger SV,25-270,2000,25,25,2250,25.0,0,1,1,0,0,0,9,0
365,Elvis Rexhbeçaj,xk KVX,MF,Augsburg,28-135,1997,23,9,1030,11.4,2,0,2,2,0,0,4,0
366,Gio Reyna,us USA,MF,Gladbach,23-123,2002,13,4,403,4.5,0,0,0,0,0,0,1,0
367,Rodrigo Ribeiro,pt POR,FW,Augsburg,20-322,2005,6,4,376,4.2,2,0,2,2,0,0,1,0
368,Fabian Rieder,ch SUI,MF,Augsburg,24-028,2002,24,20,1623,18.0,3,3,6,2,1,1,2,0
369,Lasse Rieß,de GER,GK,Mainz 05,24-232,2001,4,3,292,3.2,0,0,0,0,0,0,0,0
370,Lars Ritzka,de GER,"DF,MF",St Pauli,27-313,1998,15,7,623,6.9,0,0,0,0,0,0,1,0
371,Merlin Röhl,de GER,MF,Freiburg,23-254,2002,2,0,66,0.7,0,0,0,0,0,0,0,0
372,Rômulo,br BRA,FW,RB Leipzig,24-036,2002,22,20,1654,18.4,7,4,11,7,0,1,3,0
373,Max Rosenfelder,de GER,DF,Freiburg,23-034,2003,12,5,492,5.5,0,0,0,0,0,0,0,0
374,Tom Rothe,de GER,"DF,MF",Union Berlin,21-138,2004,13,5,548,6.1,1,0,1,1,0,0,1,1
375,Julian Ryerson,no NOR,MF,Dortmund,28-119,1997,23,18,1572,17.5,0,12,12,0,0,0,5,0
376,Frederik Rønnow,dk DEN,GK,Union Berlin,33-224,1992,25,25,2250,25.0,0,0,0,0,0,0,2,0
377,Alexander Røssing-Lelesii,no NOR,"FW,MF",Hamburger SV,19-055,2007,11,5,321,3.6,0,1,1,0,0,0,3,1
378,Elias Saad,tn TUN,"MF,FW",Augsburg,26-079,1999,10,7,497,5.5,0,0,0,0,0,0,1,0
379,Marcel Sabitzer,at AUT,MF,Dortmund,31-364,1994,19,14,1280,14.2,1,2,3,1,0,0,2,0
380,Emir Sahiti,xk KVX,FW,Hamburger SV,27-107,1998,2,2,120,1.3,0,0,0,0,0,0,0,0
381,Manolis Saliakas,gr GRE,MF,St Pauli,29-185,1996,15,11,1018,11.3,1,3,4,1,0,0,3,0
382,Albert Sambi Lokonga,be BEL,MF,Hamburger SV,26-145,1999,20,15,1267,14.1,4,0,4,4,0,0,2,0
383,Philipp Sander,de GER,"DF,MF",Gladbach,28-023,1998,22,21,1730,19.2,1,0,1,1,0,0,1,0
384,James Sands,us USA,MF,St Pauli,25-253,2000,24,23,1934,21.5,1,0,1,1,0,0,4,0
385,Kaishu Sano,jp JPN,MF,Mainz 05,25-076,2000,26,26,2339,26.0,1,1,2,1,0,0,1,0
386,Kauã Santos,br BRA,GK,Eintracht Frankfurt,22-339,2003,13,13,1084,12.0,0,0,0,0,0,0,0,0
387,Alejo Sarco,ar ARG,FW,Leverkusen,20-069,2006,3,0,74,0.8,0,0,0,0,0,0,0,0
388,Alejo Sarco,ar ARG,FW,Gladbach,20-069,2006,2,0,49,0.5,0,0,0,0,0,0,0,0
389,Joe Scally,us USA,"DF,MF",Gladbach,23-075,2002,24,21,1912,21.2,1,3,4,1,0,0,6,0
390,András Schäfer,hu HUN,MF,Union Berlin,26-337,1999,21,11,987,11.0,1,0,1,1,0,0,2,1
391,Fynn Schenten,de GER,FW,Köln,18-183,2007,7,1,100,1.1,0,0,0,0,0,0,0,0
392,Derry Scherhant,de GER,MF,Freiburg,23-126,2002,23,7,841,9.3,4,1,5,4,0,0,2,0
393,Patrik Schick,cz CZE,FW,Leverkusen,30-051,1996,20,17,1367,15.2,7,3,10,5,2,2,1,0
394,Stefan Schimmer,de GER,FW,Heidenheim,31-322,1994,21,2,694,7.7,5,1,6,5,0,0,1,0
395,Xaver Schlager,at AUT,MF,RB Leipzig,28-169,1997,20,15,1322,14.7,2,1,3,2,0,0,4,0
396,Keven Schlotterbeck,de GER,DF,Augsburg,28-322,1997,21,20,1835,20.4,0,1,1,0,0,1,6,1
397,Nico Schlotterbeck,de GER,DF,Dortmund,26-105,1999,20,20,1800,20.0,4,1,5,4,0,0,6,0
398,Mick Schmetgens,de GER,MF,Werder Bremen,18-188,2007,1,0,36,0.4,0,0,0,0,0,0,0,0
399,Romano Schmidt,at AUT,"MF,FW",Werder Bremen,26-048,2000,26,26,2284,25.4,2,7,9,0,2,3,4,0
400,Isaac Schmidt,ch SUI,MF,Werder Bremen,26-099,1999,16,5,550,6.1,1,0,1,1,0,0,2,0
401,Joël Schmied,ch SUI,DF,Köln,27-174,1998,13,11,952,10.6,0,0,0,0,0,0,4,0
402,Tim Schnitzer,de GER,MF,Augsburg,18-037,2008,1,0,6,0.1,0,0,0,0,0,0,0,0
403,Jan Schöppner,de GER,MF,Heidenheim,26-277,1999,24,22,1670,18.6,1,1,2,1,0,0,4,0
404,Marvin Schwäbe,de GER,GK,Köln,30-325,1995,26,26,2340,26.0,0,0,0,0,0,0,0,0
405,Léo Scienza,br BRA,MF,Heidenheim,27-184,1998,2,2,180,2.0,1,0,1,1,0,0,0,0
406,Sebastian Sebulonsen,no NOR,"DF,MF",Köln,26-048,2000,24,21,1885,20.9,0,0,0,0,0,0,5,0
407,Jenson Seelt,nl NED,DF,Wolfsburg,22-297,2003,9,8,681,7.6,0,0,0,0,0,0,0,0
408,Nicolas Seiwald,at AUT,MF,RB Leipzig,24-316,2001,26,25,2189,24.3,0,2,2,0,0,0,1,0
409,Kento Shiogai,jp JPN,MF,Wolfsburg,20-355,2005,7,2,267,3.0,1,0,1,1,0,0,1,0
410,Armindo Sieb,de GER,FW,Mainz 05,23-027,2003,16,3,441,4.9,2,0,2,2,0,0,1,0
411,Tim Siersleben,de GER,DF,Heidenheim,26-007,2000,14,12,1079,12.0,0,0,0,0,0,0,2,0
412,Fábio Silva,pt POR,"FW,MF",Dortmund,23-240,2002,20,5,592,6.6,1,5,6,1,0,0,3,0
413,Xavi Simons,nl NED,MF,RB Leipzig,22-329,2003,1,1,90,1.0,0,0,0,0,0,0,0,0
414,Jahmai Simpson-Pusey,eng ENG,DF,Köln,20-132,2005,6,5,413,4.6,0,0,0,0,0,0,0,1
415,Danel Sinani,lu LUX,"MF,FW",St Pauli,28-345,1997,23,17,1575,17.5,4,3,7,1,3,3,3,0
416,Tim Skarke,de GER,MF,Union Berlin,29-190,1996,16,3,479,5.3,1,0,1,1,0,0,0,0
417,Ellyes Skhiri,tn TUN,MF,Eintracht Frankfurt,30-310,1995,17,12,1034,11.5,0,0,0,0,0,0,2,1
418,Andreas Skov Olsen,dk DEN,MF,Wolfsburg,26-077,1999,8,4,362,4.0,1,0,1,1,0,0,1,0
419,Robert Skov,dk DEN,"DF,MF",Union Berlin,29-300,1996,3,3,220,2.4,0,0,0,0,0,0,0,0
420,Eric Smith,se SWE,"DF,MF",St Pauli,29-067,1997,23,23,2024,22.5,2,2,4,2,0,0,4,1
421,Aboubaka Soumahoro,fr FRA,"MF,DF",Hamburger SV,21-040,2005,4,2,136,1.5,0,0,0,0,0,0,1,0
422,Vinicius Souza,br BRA,MF,Wolfsburg,26-272,1999,16,14,1092,12.1,0,0,0,0,0,0,3,0
423,Jens Stage,dk DEN,MF,Werder Bremen,29-128,1996,24,24,2062,22.9,7,2,9,7,0,0,5,0
424,Otto Stange,de GER,DF,Hamburger SV,19-035,2007,3,0,66,0.7,0,0,0,0,0,0,0,0
425,Josip Stanišić,hr CRO,DF,Bayern Munich,25-348,2000,18,14,1346,15.0,2,3,5,2,0,0,1,0
426,Niklas Stark,de GER,DF,Werder Bremen,30-336,1995,11,7,571,6.3,0,0,0,0,0,0,8,2
427,Pascal Stenzel,de GER,MF,Stuttgart,29-361,1996,2,2,106,1.2,0,0,0,0,0,0,2,0
428,Leonidas Stergiou,ch SUI,DF,Heidenheim,24-013,2002,3,1,149,1.7,0,0,0,0,0,0,0,0
429,Leonidas Stergiou,ch SUI,DF,Stuttgart,24-013,2002,1,0,1,0.0,0,0,0,0,0,0,0,0
430,Angelo Stiller,de GER,MF,Stuttgart,24-346,2001,26,22,2052,22.8,1,5,6,1,0,1,1,0
431,Kevin Stöger,at AUT,MF,Gladbach,32-201,1993,21,9,867,9.6,1,1,2,1,0,1,2,0
432,Yukinari Sugawara,jp JPN,"DF,MF",Werder Bremen,25-261,2000,24,23,2001,22.2,0,4,4,0,0,0,1,0
433,Niklas Süle,de GER,DF,Dortmund,30-194,1995,9,6,442,4.9,0,1,1,0,0,0,3,0
434,Yuito Suzuki,jp JPN,MF,Freiburg,24-142,2001,21,15,1350,15.0,4,2,6,4,0,0,2,0
435,Mattias Svanberg,se SWE,MF,Wolfsburg,27-070,1999,20,7,743,8.3,3,1,4,3,0,0,5,1
436,Daniel Svensson,se SWE,MF,Dortmund,24-032,2002,26,22,2041,22.7,2,2,4,2,0,0,0,0
437,Haris Tabaković,ba BIH,FW,Gladbach,31-269,1994,25,22,1845,20.5,11,3,14,11,0,2,1,0
438,Jonathan Tah,de GER,DF,Bayern Munich,30-033,1996,22,20,1752,19.5,2,1,3,2,0,0,5,0
439,Kōta Takai,jp JPN,DF,Gladbach,21-193,2004,6,3,337,3.7,0,0,0,0,0,0,1,0
440,Axel Tapé,fr FRA,"MF,DF",Leverkusen,18-218,2007,6,2,222,2.5,0,0,0,0,0,0,1,0
441,Edmond Tapsoba,bf BFA,DF,Leverkusen,27-042,1999,22,22,1945,21.6,4,2,6,4,0,0,5,0
442,Nathan Tella,ng NGA,MF,Leverkusen,26-254,1999,11,5,451,5.0,0,2,2,0,0,0,2,0
443,Martin Terrier,fr FRA,"MF,FW",Leverkusen,29-012,1997,17,7,667,7.4,4,1,5,4,0,0,1,0
444,Arthur Theate,be BEL,DF,Eintracht Frankfurt,25-295,2000,19,19,1701,18.9,1,0,1,1,0,0,8,0
445,Jan Thielmann,de GER,"MF,FW",Köln,23-294,2002,19,17,1271,14.1,3,1,4,3,0,0,3,0
446,Phillip Tietz,de GER,FW,Mainz 05,28-250,1997,11,1,936,10.4,1,1,2,1,0,1,1,0
447,Phillip Tietz,de GER,FW,Augsburg,28-250,1997,10,0,198,2.2,1,0,1,1,0,0,2,0
448,Malik Tillman,us USA,MF,Leverkusen,23-292,2002,21,16,1456,16.2,4,1,5,4,0,0,1,0
449,Umut Tohumcu,de GER,MF,Hoffenheim,21-217,2004,5,1,136,1.5,0,0,0,0,0,0,2,0
450,Tiago Tomás,pt POR,MF,Stuttgart,23-273,2002,19,7,727,8.1,3,2,5,3,0,0,3,0
451,Keke Topp,de GER,FW,Werder Bremen,21-356,2004,20,7,638,7.1,1,1,2,1,0,0,4,0
452,Jordan Torunarigha,de GER,DF,Hamburger SV,28-221,1997,17,14,1342,14.9,0,0,0,0,0,0,1,0
453,Bazoumana Touré,ci CIV,"MF,FW",Hoffenheim,20-014,2006,22,21,1696,18.8,2,7,9,2,0,0,2,0
454,Omar Traoré,de GER,"DF,MF",Heidenheim,28-040,1998,24,15,1381,15.3,0,2,2,0,0,0,2,0
455,Philipp Treu,de GER,"DF,MF",Freiburg,25-103,2000,22,19,1709,19.0,1,2,3,1,0,0,2,0
456,Christopher Trimmel,at AUT,"MF,DF",Union Berlin,39-020,1987,23,17,1463,16.3,0,2,2,0,0,0,7,0
457,Lukas Ullrich,de GER,"MF,DF",Gladbach,22-000,2004,18,12,1113,12.4,0,0,0,0,0,0,2,0
458,Sven Ulreich,de GER,GK,Bayern Munich,37-225,1988,1,1,90,1.0,0,0,0,0,0,0,1,0
459,Deniz Undav,de GER,"FW,MF",Stuttgart,29-240,1996,22,18,1643,18.3,16,5,21,16,0,0,4,0
460,Dayot Upamecano,fr FRA,DF,Bayern Munich,27-140,1998,21,19,1599,17.8,1,1,2,1,0,0,3,0
461,Jan Urbich,de GER,DF,Gladbach,21-266,2004,3,0,39,0.4,0,0,0,0,0,0,0,0
462,Jonas Urbig,de GER,GK,Bayern Munich,22-220,2003,8,6,630,7.0,0,0,0,0,0,0,0,0
463,Can Uzun,tr TUR,MF,Eintracht Frankfurt,20-125,2005,14,11,799,8.9,6,3,9,5,1,1,2,0
464,Josha Vagnoman,de GER,"DF,MF",Stuttgart,25-095,2000,21,16,1408,15.6,1,3,4,1,0,0,3,0
465,Maarten Vandevoordt,be BEL,GK,RB Leipzig,24-018,2002,5,4,422,4.7,0,0,0,0,0,0,0,0
466,Nikola Vasilj,ba BIH,GK,St Pauli,30-104,1995,26,26,2340,26.0,0,0,0,0,0,0,0,0
467,Denis Vavro,sk SVK,DF,Wolfsburg,29-340,1996,10,6,558,6.2,1,0,1,1,0,0,1,0
468,Lucas Vázquez,es ESP,MF,Leverkusen,34-258,1991,9,5,393,4.4,1,2,3,1,0,0,2,0
469,Nikolas Veratschnig,at AUT,"MF,DF",Mainz 05,23-051,2003,16,4,446,5.0,0,1,1,0,0,0,2,0
470,Fabio Vieira,pt POR,"MF,FW",Hamburger SV,25-290,2000,21,17,1525,16.9,5,4,9,4,1,1,4,2
471,Luka Vušković,hr CRO,DF,Hamburger SV,19-020,2007,23,23,2070,23.0,5,0,5,4,1,1,5,0
472,Yannik Wagner,de GER,FW,Heidenheim,18-311,2007,4,0,49,0.5,0,0,0,0,0,0,0,0
473,Elye Wahi,fr FRA,FW,Eintracht Frankfurt,23-073,2003,10,3,324,3.6,0,1,1,0,0,0,1,0
474,Hauke Wahl,de GER,DF,St Pauli,31-335,1994,22,22,1935,21.5,2,0,2,2,0,0,1,0
475,Luca Waldschmidt,de GER,"FW,MF",Köln,29-301,1996,17,6,514,5.7,3,3,6,2,1,1,0,0
476,Tobias Weigel,de GER,FW,Heidenheim,18-324,2007,1,0,2,0.0,0,0,0,0,0,0,0,0
477,Nelson Weiper,de GER,FW,Mainz 05,20-364,2005,17,3,489,5.4,0,0,0,0,0,0,1,0
478,Timo Werner,de GER,"FW,MF",RB Leipzig,30-010,1996,3,0,14,0.2,0,0,0,0,0,0,0,0
479,Silvan Widmer,ch SUI,MF,Mainz 05,33-011,1993,20,17,1409,15.7,2,0,2,2,0,0,5,0
480,Patrick Wimmer,at AUT,MF,Wolfsburg,24-290,2001,18,15,1168,13.0,3,3,6,3,0,0,4,0
481,Jonas Wind,dk DEN,FW,Wolfsburg,27-037,1999,9,3,329,3.7,0,0,0,0,0,0,1,0
482,Marius Wolf,de GER,"MF,FW",Augsburg,30-293,1995,22,8,677,7.5,1,0,1,1,0,0,2,0
483,Nick Woltemade,de GER,MF,Stuttgart,24-030,2002,2,1,90,1.0,0,0,0,0,0,0,0,0
484,Jeong Woo-yeong,kr KOR,"MF,FW",Union Berlin,26-177,1999,24,12,1037,11.5,3,1,4,3,0,0,0,0
485,Dan-Axel Zagadou,fr FRA,DF,Stuttgart,26-286,1999,2,2,164,1.8,0,0,0,0,0,0,0,0
486,Aaron Zehnter,de GER,DF,Wolfsburg,21-136,2004,17,14,1213,13.5,2,0,2,2,0,0,0,0
487,Robin Zentner,de GER,GK,Mainz 05,31-139,1994,9,9,787,8.7,0,0,0,0,0,0,2,1
488,Cedric Zesiger,ch SUI,DF,Augsburg,27-265,1998,19,12,1096,12.2,0,0,0,0,0,0,5,0
489,Michael Zetterer,de GER,GK,Eintracht Frankfurt,30-247,1995,14,13,1256,14.0,0,0,0,0,0,0,1,0
490,Budu Zivzivadze,ge GEO,FW,Heidenheim,32-006,1994,12,8,583,6.5,1,0,1,1,0,0,1,1
491,Luka Đurić,rs SRB,MF,Hoffenheim,22-271,2003,1,0,10,0.1,0,0,0,0,0,0,0,0
